Idopont,CPU_szazalek,RAM_GB,GPU_szazalek,VRAM_GB,GPU_Watt,GPU_Celsius
18:48:57,0.0,6.59,0,0.82,17.1,40
18:48:58,6.4,6.99,0,0.97,19.6,40
18:48:59,6.3,6.99,0,0.97,16.1,40
18:49:00,6.4,9.27,0,4.74,19.0,41
18:49:01,20.1,11.64,15,11.10,29.3,41
18:49:02,44.1,12.22,10,11.25,81.5,47
18:49:03,56.5,12.21,15,11.25,45.1,42
18:49:04,56.5,12.19,15,11.25,42.9,42
18:49:05,56.5,12.17,8,11.25,37.8,42
18:49:06,56.5,12.15,8,11.25,38.5,44
18:49:07,56.6,12.13,15,11.25,37.8,42
18:49:08,56.4,12.12,11,11.25,37.7,42
18:49:09,56.4,12.09,8,11.25,38.5,43
18:49:10,56.6,12.07,15,11.25,37.9,42
18:49:11,56.5,12.06,16,11.25,39.0,42
18:49:12,56.4,12.04,8,11.25,37.1,43
18:49:13,47.0,12.03,8,11.25,38.3,45
18:49:14,6.5,12.03,0,11.25,19.7,42
18:49:15,6.3,12.02,0,11.25,16.2,42
18:49:16,21.1,12.21,0,11.32,15.6,41
18:49:17,50.1,12.25,0,11.32,16.2,41
18:49:18,46.2,12.46,16,11.32,21.4,42
18:49:19,50.2,12.46,15,11.32,38.4,42
18:49:20,50.1,12.46,8,11.32,39.2,46
18:49:21,50.2,12.46,8,11.32,38.3,43
18:49:22,50.2,12.45,15,11.32,39.2,43
18:49:23,50.2,12.44,16,11.32,40.1,43
18:49:24,50.4,12.44,15,11.32,39.8,43
18:49:25,50.2,12.44,15,11.32,39.7,43
18:49:26,50.2,12.44,8,11.32,39.0,46
18:49:27,50.2,12.44,8,11.32,39.1,44
18:49:28,50.2,12.42,8,11.32,39.1,44
18:49:29,50.2,12.42,8,11.32,38.5,44
18:49:30,50.2,12.42,15,11.32,38.8,43
18:49:31,50.1,12.39,16,11.32,40.3,43
18:49:32,50.2,12.39,15,11.32,39.8,43
18:49:33,40.5,12.39,15,11.32,39.6,43
18:49:34,0.2,12.40,0,11.32,19.7,43
18:49:35,6.1,12.41,0,11.32,19.4,43
18:49:36,50.1,12.44,0,11.32,15.1,42
18:49:37,35.3,13.00,1,11.32,16.0,42
18:49:38,42.4,13.29,8,11.32,54.6,48
18:49:39,50.2,13.28,8,11.32,45.5,45
18:49:40,50.2,13.28,14,11.32,42.7,44
18:49:41,50.2,13.27,15,11.32,40.6,44
18:49:42,50.1,13.26,15,11.32,40.3,44
18:49:43,50.2,13.26,15,11.32,40.2,44
18:49:44,50.2,13.26,8,11.32,39.4,47
18:49:45,50.2,13.26,8,11.32,39.9,45
18:49:46,50.2,13.26,8,11.32,40.0,45
18:49:47,50.2,13.25,8,11.32,40.1,45
18:49:48,50.3,13.24,15,11.32,40.0,44
18:49:49,50.1,13.24,16,11.32,41.0,44
18:49:50,33.7,13.23,15,11.32,40.6,44
18:49:51,0.1,13.23,0,11.32,21.1,43
18:49:52,5.2,13.26,0,11.32,16.9,43
18:49:53,48.8,13.23,0,11.32,17.1,43
18:49:54,38.6,13.77,0,11.32,16.9,43
18:49:55,41.2,14.05,27,11.32,58.2,48
18:49:56,38.4,14.05,9,11.32,49.2,45
18:49:57,0.1,14.04,0,11.32,26.9,44
18:49:58,0.4,14.04,0,11.32,26.0,44
18:49:59,37.9,14.28,0,11.32,16.1,44
18:50:00,50.1,14.24,0,11.32,17.3,44
18:50:01,29.6,15.00,80,11.32,36.1,48
18:50:02,50.2,15.00,15,11.32,82.2,46
18:50:03,50.2,14.98,15,11.32,46.1,45
18:50:04,50.1,14.97,11,11.32,42.7,46
18:50:05,50.1,14.97,8,11.32,39.8,47
18:50:06,50.2,14.96,8,11.32,39.5,46
18:50:07,50.3,14.95,8,11.32,39.3,45
18:50:08,50.2,14.94,10,11.32,39.4,45
18:50:09,50.1,14.93,16,11.32,40.2,45
18:50:10,50.1,14.88,15,11.32,40.5,45
18:50:11,50.1,14.87,15,11.32,40.3,45
18:50:12,50.2,14.87,13,11.32,40.0,45
18:50:13,50.2,14.87,8,11.32,41.0,48
18:50:14,50.1,14.86,8,11.32,40.3,46
18:50:15,50.2,14.86,8,11.32,40.3,46
18:50:16,50.2,14.85,12,11.32,40.1,46
18:50:17,50.1,14.85,16,11.32,40.9,46
18:50:18,50.3,14.85,15,11.32,40.5,46
18:50:19,50.2,14.84,16,11.32,40.6,46
18:50:20,9.7,14.84,0,11.32,31.6,45
18:50:21,0.0,14.83,0,11.32,17.9,45
18:50:22,37.9,14.98,0,11.38,18.1,45
18:50:23,42.5,15.76,0,11.38,18.5,45
18:50:24,36.2,15.78,82,11.38,49.0,51
18:50:25,50.1,15.78,15,11.38,62.7,46
18:50:26,50.2,15.78,8,11.38,46.3,49
18:50:27,50.2,15.78,8,11.38,40.3,47
18:50:28,50.1,15.78,8,11.38,39.3,46
18:50:29,50.1,15.77,11,11.38,40.1,46
18:50:30,50.3,15.77,16,11.38,40.7,46
18:50:31,50.2,15.77,15,11.38,41.2,46
18:50:32,50.2,15.77,15,11.38,40.6,46
18:50:33,50.2,15.77,15,11.38,41.2,46
18:50:34,50.2,15.77,9,11.38,40.6,49
18:50:35,50.1,15.76,8,11.38,41.1,48
18:50:36,50.1,15.76,8,11.38,39.8,47
18:50:37,50.1,15.76,8,11.38,40.3,47
18:50:38,50.2,15.76,16,11.38,40.4,47
18:50:39,50.1,15.76,15,11.38,41.1,46
18:50:40,50.2,15.76,16,11.38,41.2,46
18:50:41,50.2,15.76,14,11.38,40.7,46
18:50:42,50.2,15.76,8,11.38,41.5,50
18:50:43,40.9,15.76,8,11.38,40.7,48
18:50:44,0.1,15.76,0,11.38,25.1,46
18:50:45,9.1,15.83,0,11.38,21.0,46
18:50:46,50.1,15.85,0,11.38,16.7,46
18:50:47,31.7,16.39,81,11.38,18.8,47
18:50:48,47.5,16.69,15,11.38,88.5,48
18:50:49,50.2,16.69,8,11.38,46.5,50
18:50:50,50.1,16.68,8,11.38,43.6,47
18:50:51,50.2,16.68,13,11.38,40.6,47
18:50:52,50.1,16.67,15,11.38,41.0,47
18:50:53,50.1,16.67,15,11.38,40.6,47
18:50:54,50.2,16.67,15,11.38,41.4,47
18:50:55,50.1,16.66,10,11.38,41.2,49
18:50:56,50.2,16.66,8,11.38,41.3,49
18:50:57,50.2,16.66,8,11.38,40.8,48
18:50:58,50.1,16.66,8,11.38,40.6,48
18:50:59,50.2,16.66,9,11.38,39.9,47
18:51:00,50.1,16.66,16,11.38,40.5,47
18:51:01,50.1,16.65,16,11.38,41.7,47
18:51:02,50.4,16.65,15,11.38,41.1,47
18:51:03,50.2,16.65,15,11.38,41.0,47
18:51:04,50.2,16.65,12,11.38,40.9,48
18:51:05,50.1,16.64,8,11.38,41.7,50
18:51:06,50.1,16.64,8,11.38,40.8,48
18:51:07,50.2,16.64,8,11.38,40.2,48
18:51:08,50.1,16.63,11,11.38,40.1,48
18:51:09,50.1,16.63,16,11.38,41.6,48
18:51:10,8.8,16.63,0,11.38,33.3,47
18:51:11,0.1,16.63,0,11.38,18.1,47
18:51:12,16.7,16.68,0,11.38,18.1,47
18:51:13,50.2,16.68,0,11.38,17.0,46
18:51:14,23.9,16.49,0,11.38,16.9,46
18:51:15,40.6,16.77,84,11.38,46.0,53
18:51:16,50.1,16.77,16,11.38,58.7,48
18:51:17,50.0,16.77,16,11.38,45.4,48
18:51:18,50.0,16.77,11,11.38,40.2,48
18:51:19,50.1,16.77,8,11.38,40.3,48
18:51:20,50.1,16.77,8,11.38,40.7,49
18:51:21,50.0,16.77,8,11.38,40.2,48
18:51:22,50.0,16.77,8,11.38,40.4,51
18:51:23,50.0,16.77,14,11.38,40.3,48
18:51:24,50.1,16.77,15,11.38,40.9,48
18:51:25,50.0,16.77,11,11.38,39.6,48
18:51:26,50.0,16.77,8,11.38,41.0,48
18:51:27,50.0,16.77,8,11.38,40.2,49
18:51:28,50.1,16.77,8,11.38,40.5,51
18:51:29,50.0,16.77,8,11.38,40.7,52
18:51:30,50.0,16.77,15,11.38,40.9,48
18:51:31,50.1,16.77,15,11.38,41.3,48
18:51:32,50.1,16.77,15,11.38,41.4,48
18:51:33,50.1,16.77,15,11.38,39.7,48
18:51:34,50.1,16.77,15,11.38,41.0,48
18:51:35,50.0,16.77,16,11.38,41.3,48
18:51:36,50.3,16.77,13,11.38,40.3,49
18:51:37,50.1,16.77,9,11.38,40.6,49
18:51:38,50.0,16.77,8,11.38,40.6,49
18:51:39,50.0,16.77,13,11.38,41.3,49
18:51:40,50.0,16.78,16,11.38,41.0,48
18:51:41,50.1,16.78,16,11.38,41.6,49
18:51:42,50.2,16.78,16,11.38,41.3,49
18:51:43,50.1,16.78,16,11.38,40.7,49
18:51:44,50.1,16.78,8,11.38,40.3,49
18:51:45,50.0,16.78,8,11.38,40.7,49
18:51:46,45.5,16.78,8,11.38,41.3,50
18:51:47,0.1,16.78,0,11.38,27.8,48
18:51:48,5.6,16.80,0,11.38,16.7,48
18:51:49,49.1,16.85,0,11.38,17.0,48
18:51:50,33.3,17.02,0,11.38,17.1,48
18:51:51,29.4,16.97,88,11.38,72.8,61
18:51:52,50.0,16.97,8,11.38,58.4,50
18:51:53,50.1,16.97,8,11.38,45.6,50
18:51:54,50.2,16.97,10,11.38,40.3,49
18:51:55,50.1,16.97,10,11.38,41.1,49
18:51:56,50.1,16.97,9,11.38,40.4,49
18:51:57,50.0,16.97,8,11.38,41.1,49
18:51:58,50.1,16.97,8,11.38,40.4,49
18:51:59,50.1,16.98,8,11.38,41.2,49
18:52:00,50.2,16.98,8,11.38,40.7,49
18:52:01,50.1,16.98,8,11.38,40.6,49
18:52:02,50.3,16.98,8,11.38,40.6,50
18:52:03,50.0,16.98,8,11.38,41.5,51
18:52:04,50.1,16.98,8,11.38,40.6,51
18:52:05,50.1,16.98,8,11.38,41.1,52
18:52:06,50.2,16.98,8,11.38,41.3,52
18:52:07,50.1,16.98,8,11.38,41.2,51
18:52:08,50.1,16.97,8,11.38,41.1,51
18:52:09,50.1,16.97,8,11.38,40.5,50
18:52:10,50.0,16.97,8,11.38,41.2,50
18:52:11,50.1,16.97,8,11.38,40.5,51
18:52:12,50.0,16.97,16,11.38,40.7,49
18:52:13,50.1,16.97,16,11.38,41.5,49
18:52:14,50.1,16.97,16,11.38,41.6,49
18:52:16,50.1,16.97,15,11.38,41.2,50
18:52:17,31.9,16.97,0,11.38,35.6,49
18:52:18,0.1,16.97,0,11.38,22.2,49
18:52:19,11.4,16.89,0,11.38,17.4,49
18:52:20,50.1,16.91,0,11.38,17.5,49
18:52:21,38.3,17.12,0,11.38,17.6,48
18:52:22,29.0,16.86,82,11.38,49.7,54
18:52:23,46.6,16.94,15,11.38,67.5,50
18:52:24,50.1,16.94,15,11.38,47.1,50
18:52:25,50.2,16.94,15,11.38,42.8,50
18:52:26,50.1,16.94,15,11.38,42.2,50
18:52:27,50.1,16.94,15,11.38,40.5,50
18:52:28,50.2,16.94,15,11.38,42.1,50
18:52:29,50.1,16.95,15,11.38,42.0,50
18:52:30,50.1,16.95,15,11.38,42.1,50
18:52:31,50.1,16.95,15,11.38,41.4,50
18:52:32,50.1,16.95,15,11.38,41.4,50
18:52:33,50.2,16.95,15,11.38,41.8,50
18:52:34,50.1,16.95,15,11.38,41.2,50
18:52:35,50.1,16.95,15,11.38,42.1,50
18:52:36,50.2,16.95,15,11.38,41.4,50
18:52:37,50.0,16.95,15,11.38,42.0,50
18:52:38,50.2,16.95,14,11.38,41.5,51
18:52:39,50.1,16.95,10,11.38,42.0,52
18:52:40,50.0,16.95,16,11.38,42.1,50
18:52:41,50.2,16.95,16,11.38,41.4,50
18:52:42,50.1,16.95,15,11.38,42.3,50
18:52:43,50.1,16.95,16,11.38,42.5,50
18:52:44,50.1,16.95,16,11.38,41.7,50
18:52:45,50.1,16.95,16,11.38,42.6,50
18:52:46,50.2,16.95,16,11.38,41.9,50
18:52:47,33.4,16.95,0,11.38,36.7,50
18:52:48,0.0,16.95,0,11.38,21.8,49
18:52:49,0.0,16.95,0,11.38,17.5,49
18:52:50,9.3,16.88,0,11.38,18.2,49
18:52:51,50.1,16.91,0,11.38,19.0,49
18:52:52,27.9,16.69,0,11.38,18.3,49
18:52:53,37.0,16.94,18,11.38,90.2,53
18:52:54,50.2,16.94,15,11.38,47.2,51
18:52:55,50.1,16.94,15,11.38,45.5,50
18:52:56,50.1,16.94,15,11.38,41.3,50
18:52:57,50.1,16.94,14,11.38,41.9,52
18:52:58,50.1,16.94,10,11.38,41.6,53
18:52:59,50.1,16.94,11,11.38,42.1,53
18:53:00,50.2,16.94,10,11.38,41.7,53
18:53:01,50.1,16.94,12,11.38,41.5,53
18:53:02,50.1,16.94,9,11.38,42.1,54
18:53:03,50.4,16.94,8,11.38,41.7,52
18:53:04,50.1,16.95,8,11.38,41.7,52
18:53:05,50.1,16.95,8,11.38,41.2,53
18:53:06,50.3,16.95,8,11.38,41.7,52
18:53:07,50.1,16.95,8,11.38,41.6,51
18:53:08,50.1,16.95,8,11.38,41.8,51
18:53:09,50.1,16.95,8,11.38,41.1,51
18:53:10,50.1,16.95,9,11.38,41.2,51
18:53:11,50.1,16.95,15,11.38,41.8,51
18:53:12,50.2,16.95,15,11.38,41.6,51
18:53:13,50.1,16.95,16,11.38,42.1,51
18:53:14,50.1,16.95,14,11.38,41.3,51
18:53:15,50.1,16.95,14,11.38,42.2,51
18:53:16,50.1,16.95,11,11.38,41.3,51
18:53:17,50.2,16.95,8,11.38,41.8,51
18:53:18,50.1,16.95,8,11.38,41.2,52
18:53:19,50.2,16.95,8,11.38,41.9,52
18:53:20,50.1,16.94,8,11.38,41.3,52
18:53:21,50.1,16.94,8,11.38,42.1,53
18:53:22,50.2,16.94,8,11.38,42.0,54
18:53:23,50.1,16.94,8,11.38,41.8,54
18:53:24,50.2,16.95,8,11.38,42.0,54
18:53:25,50.1,16.95,10,11.38,42.4,54
18:53:26,50.1,16.95,12,11.38,42.1,53
18:53:27,30.9,16.95,0,11.38,37.4,51
18:53:28,0.1,16.95,0,11.38,19.6,50
18:53:29,6.5,16.97,0,11.38,18.4,50
18:53:30,50.1,17.04,0,11.38,17.9,50
18:53:31,32.4,16.69,93,11.38,42.2,61
18:53:32,47.3,16.60,8,11.38,72.8,52
18:53:33,50.1,16.60,8,11.38,46.8,52
18:53:34,50.1,16.60,9,11.38,42.9,52
18:53:35,50.1,16.60,15,11.38,43.5,51
18:53:36,50.2,16.59,15,11.38,42.9,51
18:53:37,50.1,16.59,8,11.38,42.8,55
18:53:38,50.1,16.59,8,11.38,42.0,52
18:53:39,50.1,16.59,8,11.38,41.2,52
18:53:40,50.1,16.59,8,11.38,42.2,52
18:53:41,50.2,16.59,8,11.38,41.2,52
18:53:42,50.1,16.59,15,11.38,42.2,52
18:53:43,50.1,16.59,15,11.38,42.8,52
18:53:44,50.1,16.59,15,11.38,42.5,52
18:53:45,50.1,16.59,15,11.38,41.9,51
18:53:46,50.1,16.59,14,11.38,41.9,53
18:53:47,50.2,16.58,15,11.38,42.4,51
18:53:48,50.1,16.58,13,11.38,41.7,53
18:53:49,50.2,16.58,10,11.38,42.5,55
18:53:50,50.1,16.58,8,11.38,42.1,53
18:53:51,50.2,16.58,8,11.38,41.5,52
18:53:52,50.0,16.58,8,11.38,41.4,52
18:53:53,50.1,16.58,10,11.38,42.2,52
18:53:54,50.2,16.58,15,11.38,42.0,52
18:53:55,50.1,16.58,15,11.38,42.9,52
18:53:56,50.1,16.58,15,11.38,43.0,52
18:53:57,50.1,16.58,15,11.38,42.5,52
18:53:58,50.2,16.57,15,11.38,43.0,52
18:53:59,50.1,16.57,15,11.38,42.1,52
18:54:00,50.2,16.57,16,11.38,43.0,52
18:54:01,50.1,16.57,16,11.38,42.0,52
18:54:02,50.1,16.57,14,11.38,41.6,52
18:54:03,50.4,16.57,10,11.38,42.1,52
18:54:04,50.1,16.57,10,11.38,42.7,52
18:54:05,50.1,16.57,8,11.38,41.8,52
18:54:06,50.1,16.57,8,11.38,41.8,53
18:54:07,50.1,16.57,8,11.38,42.4,53
18:54:08,50.2,16.57,8,11.38,41.9,53
18:54:09,50.2,16.57,8,11.38,42.2,53
18:54:10,35.6,16.57,0,11.38,39.1,52
18:54:11,0.1,16.57,0,11.38,19.4,51
18:54:12,17.5,16.61,0,11.38,18.0,51
18:54:13,50.1,16.59,0,11.38,18.0,51
18:54:14,31.0,16.38,81,11.38,47.8,58
18:54:15,48.3,16.66,15,11.38,70.7,53
18:54:16,50.2,16.66,12,11.38,47.7,55
18:54:17,50.2,16.66,8,11.38,44.7,53
18:54:18,50.1,16.66,8,11.38,42.1,53
18:54:19,50.1,16.66,15,11.38,42.3,52
18:54:20,50.1,16.65,15,11.38,42.8,52
18:54:21,50.1,16.65,15,11.38,42.6,52
18:54:22,50.1,16.65,15,11.38,43.2,52
18:54:23,50.1,16.65,15,11.38,43.1,52
18:54:24,50.1,16.64,12,11.38,42.2,55
18:54:25,50.2,16.63,8,11.38,42.2,54
18:54:26,50.1,16.63,8,11.38,41.8,55
18:54:27,50.1,16.62,8,11.38,42.3,54
18:54:28,50.1,16.62,8,11.38,41.6,53
18:54:29,50.2,16.61,8,11.38,42.2,53
18:54:30,50.1,16.61,11,11.38,42.2,53
18:54:31,50.2,16.61,15,11.38,42.7,53
18:54:32,50.1,16.60,15,11.38,43.1,53
18:54:33,50.1,16.60,15,11.38,43.3,52
18:54:34,50.1,16.60,15,11.38,42.8,52
18:54:35,50.2,16.60,14,11.38,42.9,54
18:54:36,50.2,16.60,8,11.38,43.0,55
18:54:37,50.1,16.60,8,11.38,42.8,54
18:54:38,50.3,16.59,8,11.38,43.1,54
18:54:39,50.1,16.59,8,11.38,42.3,53
18:54:40,50.1,16.59,8,11.38,43.0,53
18:54:41,50.2,16.59,8,11.38,42.4,53
18:54:42,50.1,16.59,8,11.38,42.3,53
18:54:43,50.1,16.59,8,11.38,43.2,54
18:54:44,50.2,16.58,8,11.38,43.1,54
18:54:45,50.2,16.58,8,11.38,42.2,53
18:54:46,50.1,16.58,8,11.38,43.1,53
18:54:47,30.3,16.58,0,11.38,38.2,52
18:54:48,0.0,16.58,0,11.38,24.2,52
18:54:49,5.1,16.64,0,11.38,18.8,52
18:54:50,49.1,16.61,0,11.38,18.7,52
18:54:51,37.8,16.37,0,11.38,18.8,52
18:54:52,41.7,16.59,15,11.38,74.2,54
18:54:53,50.1,16.59,8,11.38,48.5,56
18:54:54,50.1,16.59,8,11.38,46.3,54
18:54:55,50.1,16.58,13,11.38,42.7,53
18:54:56,50.2,16.58,15,11.38,43.6,53
18:54:57,50.1,16.58,15,11.38,43.0,53
18:54:58,50.1,16.58,15,11.38,43.8,53
18:54:59,50.1,16.58,11,11.38,43.2,56
18:55:00,50.1,16.58,8,11.38,43.0,54
18:55:01,50.1,16.58,8,11.38,42.4,55
18:55:02,50.3,16.58,8,11.38,43.1,54
18:55:03,50.2,16.58,8,11.38,42.8,54
18:55:04,50.2,16.58,8,11.38,42.1,53
18:55:05,50.2,16.58,14,11.38,43.2,53
18:55:06,50.3,16.58,15,11.38,43.8,53
18:55:07,50.1,16.58,15,11.38,43.0,53
18:55:08,50.0,16.58,15,11.38,43.9,53
18:55:09,50.1,16.58,15,11.38,43.1,53
18:55:10,50.1,16.58,15,11.38,43.7,55
18:55:11,50.1,16.57,15,11.38,43.6,53
18:55:12,50.1,16.57,11,11.38,42.8,56
18:55:13,50.2,16.57,8,11.38,43.5,55
18:55:14,50.2,16.57,8,11.38,42.3,54
18:55:15,50.1,16.56,8,11.38,42.6,54
18:55:16,50.1,16.56,8,11.38,43.2,54
18:55:17,50.1,16.56,8,11.38,42.8,54
18:55:18,50.1,16.55,8,11.38,42.7,54
18:55:19,50.1,16.55,8,11.38,42.8,54
18:55:20,50.2,16.55,8,11.38,43.4,54
18:55:21,50.2,16.55,8,11.38,42.7,53
18:55:22,50.1,16.55,8,11.38,43.6,53
18:55:23,50.1,16.55,8,11.38,42.9,53
18:55:24,50.3,16.54,8,11.38,43.5,53
18:55:25,9.1,16.54,0,11.38,31.5,53
18:55:26,0.1,16.54,0,11.38,23.3,53
18:55:27,25.1,16.61,0,11.38,19.4,52
18:55:28,50.1,16.63,0,11.38,18.9,52
18:55:29,33.4,16.33,81,11.38,24.7,57
18:55:30,45.6,16.65,15,11.38,89.9,55
18:55:31,50.1,16.64,15,11.38,48.6,54
18:55:32,50.2,16.63,8,11.38,45.7,54
18:55:33,50.1,16.63,8,11.38,43.1,54
18:55:34,50.1,16.63,8,11.38,43.4,54
18:55:35,50.2,16.63,8,11.38,43.1,54
18:55:36,50.2,16.62,9,11.38,43.0,55
18:55:37,50.1,16.62,12,11.38,42.4,57
18:55:38,50.1,16.62,16,11.38,42.8,56
18:55:39,50.1,16.62,15,11.38,43.3,55
18:55:40,50.1,16.62,15,11.38,43.4,54
18:55:41,50.2,16.62,15,11.38,43.6,54
18:55:42,50.1,16.62,14,11.38,43.2,54
18:55:43,50.2,16.62,8,11.38,43.0,54
18:55:44,50.1,16.62,8,11.38,42.9,54
18:55:45,50.1,16.62,8,11.38,43.3,54
18:55:46,50.2,16.62,8,11.38,43.2,55
18:55:47,50.1,16.62,12,11.38,42.6,57
18:55:48,50.1,16.62,15,11.38,45.0,55
18:55:49,50.1,16.62,16,11.38,43.9,55
18:55:50,50.2,16.62,16,11.38,43.4,55
18:55:51,50.1,16.62,16,11.38,43.1,55
18:55:52,50.2,16.61,16,11.38,43.8,55
18:55:53,50.1,16.61,16,11.38,43.2,55
18:55:54,50.2,16.60,16,11.38,43.8,55
18:55:55,50.2,16.60,16,11.38,43.7,55
18:55:56,50.1,16.60,16,11.38,43.9,55
18:55:57,50.2,16.60,15,11.38,43.4,55
18:55:58,50.1,16.60,16,11.38,44.0,54
18:55:59,50.2,16.60,16,11.38,43.3,54
18:56:00,50.1,16.60,16,11.38,43.5,54
18:56:01,50.1,16.59,16,11.38,43.7,54
18:56:02,50.2,16.59,16,11.38,43.4,55
18:56:03,52.4,16.60,13,11.38,42.7,57
18:56:04,50.2,16.60,12,11.38,43.4,57
18:56:05,50.1,16.60,8,11.38,42.7,55
18:56:06,50.1,16.60,8,11.38,42.8,54
18:56:07,50.1,16.60,8,11.38,43.4,54
18:56:08,50.1,16.60,10,11.38,42.6,54
18:56:09,50.1,16.60,15,11.38,43.5,54
18:56:10,50.2,16.60,16,11.38,43.9,54
18:56:11,50.2,16.60,16,11.38,43.6,55
18:56:12,50.1,16.60,16,11.38,44.3,55
18:56:13,50.2,16.60,16,11.38,43.5,55
18:56:14,50.2,16.60,16,11.38,44.3,55
18:56:15,50.1,16.60,16,11.38,43.6,55
18:56:16,50.1,16.60,16,11.38,44.1,56
18:56:17,50.2,16.60,16,11.38,43.5,57
18:56:18,50.1,16.60,12,11.38,42.9,55
18:56:19,50.1,16.60,8,11.38,43.2,54
18:56:20,50.2,16.60,8,11.38,43.8,54
18:56:21,50.0,16.60,8,11.38,42.9,54
18:56:22,50.1,16.60,9,11.38,42.9,55
18:56:23,50.2,16.60,13,11.38,44.0,55
18:56:24,50.2,16.61,16,11.38,44.6,55
18:56:25,50.1,16.61,16,11.38,44.5,55
18:56:26,50.1,16.61,9,11.38,42.1,56
18:56:27,12.7,16.61,0,11.38,34.4,54
18:56:28,0.1,16.61,0,11.38,22.4,54
18:56:29,6.1,16.63,0,11.38,19.6,53
18:56:30,50.1,16.64,0,11.38,20.4,53
18:56:31,34.9,16.39,1,11.38,19.7,56
18:56:32,43.7,16.66,15,11.38,58.2,56
18:56:33,50.1,16.66,8,11.38,48.6,55
18:56:34,50.2,16.66,8,11.38,46.7,55
18:56:35,50.2,16.66,10,11.38,42.8,57
18:56:36,50.1,16.66,15,11.38,45.0,56
18:56:37,50.1,16.66,15,11.38,44.3,55
18:56:38,50.2,16.66,15,11.38,44.0,55
18:56:39,50.1,16.66,15,11.38,43.4,55
18:56:40,50.0,16.65,15,11.38,43.2,55
18:56:41,50.2,16.65,9,11.38,43.6,55
18:56:42,50.3,16.65,8,11.38,43.4,55
18:56:43,50.1,16.65,8,11.38,43.3,55
18:56:44,50.2,16.65,8,11.38,42.7,55
18:56:45,50.1,16.65,8,11.38,42.7,55
18:56:46,50.2,16.65,8,11.38,43.2,55
18:56:47,50.1,16.65,15,11.38,43.6,57
18:56:48,50.2,16.64,15,11.38,43.9,56
18:56:49,50.1,16.64,15,11.38,44.2,55
18:56:50,50.1,16.64,15,11.38,43.4,55
18:56:51,50.2,16.64,9,11.38,44.1,55
18:56:52,50.2,16.64,8,11.38,43.6,55
18:56:53,50.1,16.64,8,11.38,42.8,55
18:56:54,50.1,16.64,8,11.38,44.0,55
18:56:55,50.1,16.64,8,11.38,43.2,55
18:56:56,50.1,16.63,8,11.38,43.8,55
18:56:57,42.2,16.63,8,11.38,43.1,55
18:56:58,0.1,16.63,0,11.38,26.4,54
18:56:59,0.1,16.63,0,11.38,25.0,54
18:57:00,31.3,16.60,0,11.38,19.8,54
18:57:01,43.8,16.46,0,11.38,20.1,54
18:57:02,34.7,16.59,82,11.38,60.8,66
18:57:03,50.4,16.59,14,11.38,63.2,58
18:57:04,50.2,16.59,15,11.38,49.5,56
18:57:05,50.1,16.59,11,11.38,44.5,55
18:57:06,50.2,16.59,8,11.38,44.1,55
18:57:07,50.1,16.59,10,11.38,43.5,57
18:57:08,50.2,16.59,15,11.38,45.3,56
18:57:09,50.1,16.58,15,11.38,44.4,55
18:57:10,50.3,16.58,14,11.38,44.6,55
18:57:11,50.1,16.58,8,11.38,43.9,55
18:57:12,50.0,16.58,8,11.38,43.5,55
18:57:13,50.2,16.58,8,11.38,43.6,55
18:57:14,50.1,16.58,8,11.38,43.1,55
18:57:15,50.1,16.58,9,11.38,43.5,57
18:57:16,50.1,16.58,13,11.38,42.8,59
18:57:17,50.2,16.58,15,11.38,45.2,56
18:57:18,50.0,16.57,15,11.38,44.3,56
18:57:19,50.1,16.57,15,11.38,43.9,56
18:57:20,50.1,16.57,15,11.38,43.6,56
18:57:21,50.1,16.57,15,11.38,44.3,55
18:57:22,50.1,16.57,8,11.38,44.2,55
18:57:23,50.1,16.57,8,11.38,43.9,55
18:57:24,50.2,16.57,8,11.38,44.1,55
18:57:25,50.1,16.57,8,11.38,43.5,55
18:57:26,50.1,16.57,11,11.38,44.2,58
18:57:27,50.2,16.57,13,11.38,43.6,59
18:57:28,50.1,16.57,15,11.38,44.2,58
18:57:29,50.2,16.57,12,11.38,43.8,58
18:57:30,43.2,16.57,14,11.38,43.5,59
18:57:31,0.1,16.57,0,11.38,27.2,54
18:57:32,0.1,16.57,0,11.38,21.2,54
18:57:33,14.9,16.57,0,11.38,19.8,54
18:57:34,50.1,16.60,0,11.38,19.9,54
18:57:35,31.6,16.27,82,11.38,26.3,58
18:57:36,47.9,16.57,15,11.38,89.5,56
18:57:37,50.1,16.57,8,11.38,50.4,56
18:57:38,50.2,16.57,8,11.38,46.0,55
18:57:39,50.1,16.57,15,11.38,44.6,57
18:57:40,50.1,16.57,15,11.38,45.0,56
18:57:41,50.1,16.57,15,11.38,44.4,55
18:57:42,50.1,16.57,15,11.38,44.6,55
18:57:43,50.1,16.57,10,11.38,44.5,54
18:57:44,50.2,16.57,8,11.38,43.9,54
18:57:45,50.2,16.57,8,11.38,43.9,54
18:57:46,50.2,16.57,8,11.38,43.1,53
18:57:47,50.1,16.57,9,11.38,42.9,55
18:57:48,50.3,16.57,12,11.38,43.2,56
18:57:49,50.1,16.57,15,11.38,43.7,54
18:57:50,50.1,16.57,15,11.38,43.2,53
18:57:51,50.2,16.57,15,11.38,43.7,52
18:57:52,50.0,16.57,15,11.38,42.7,52
18:57:53,50.1,16.57,15,11.38,43.2,52
18:57:54,50.1,16.57,9,11.38,42.9,51
18:57:55,50.1,16.56,8,11.38,42.2,51
18:57:56,50.2,16.56,8,11.38,42.2,51
18:57:57,50.1,16.56,8,11.38,41.5,50
18:57:58,50.0,16.56,8,11.38,41.4,50
18:57:59,50.1,16.56,8,11.38,41.8,50
18:58:00,50.2,16.55,8,11.38,42.0,50
18:58:01,50.2,16.55,8,11.38,41.1,49
18:58:02,45.8,16.55,8,11.38,42.0,49
18:58:03,0.2,16.55,0,11.38,27.3,48
18:58:04,5.0,16.61,0,11.38,23.0,48
18:58:05,49.1,16.57,0,11.38,17.3,48
18:58:06,37.5,16.05,0,11.38,17.4,47
18:58:07,41.8,16.48,96,11.38,52.3,51
18:58:08,50.2,16.48,8,11.38,59.5,48
18:58:09,50.2,16.48,13,11.38,45.0,51
18:58:10,50.2,16.48,15,11.38,41.6,48
18:58:11,50.1,16.47,15,11.38,40.5,48
18:58:12,50.2,16.47,13,11.38,41.2,47
18:58:13,50.1,16.47,8,11.38,40.5,47
18:58:14,50.2,16.47,8,11.38,40.3,47
18:58:15,50.1,16.47,8,11.38,40.0,47
18:58:16,50.1,16.47,8,11.38,40.6,47
18:58:17,50.2,16.47,9,11.38,39.8,49
18:58:18,50.1,16.47,11,11.38,39.9,49
18:58:19,50.1,16.46,16,11.38,41.4,47
18:58:20,50.1,16.46,15,11.38,40.8,47
18:58:21,50.1,16.47,16,11.38,40.2,47
18:58:22,50.2,16.47,15,11.38,40.8,46
18:58:23,50.1,16.47,15,11.38,40.2,46
18:58:24,50.3,16.46,14,11.38,40.8,46
18:58:25,50.1,16.46,8,11.38,40.3,45
18:58:26,50.2,16.47,8,11.38,39.4,45
18:58:27,50.1,16.47,8,11.38,39.9,45
18:58:28,35.9,16.47,11,11.38,39.8,48
18:58:29,0.1,16.47,0,11.38,23.9,44
18:58:30,5.3,16.52,0,11.38,15.6,43
18:58:31,49.2,16.51,0,11.38,15.8,43
18:58:32,41.3,16.23,2,11.38,16.4,44
18:58:33,37.6,16.69,15,11.38,72.8,46
18:58:34,50.2,16.69,13,11.38,45.8,45
18:58:35,50.0,16.69,8,11.38,42.5,44
18:58:36,50.2,16.64,8,11.38,38.5,44
18:58:37,50.2,16.63,8,11.38,39.0,44
18:58:38,50.1,16.62,8,11.38,38.8,44
18:58:39,50.2,16.61,13,11.38,38.6,46
18:58:40,50.1,16.60,15,11.38,39.3,44
18:58:41,50.2,16.60,16,11.38,38.9,44
18:58:42,50.1,16.59,15,11.38,38.9,44
18:58:43,50.1,16.59,15,11.38,39.4,43
18:58:44,50.1,16.58,15,11.38,38.5,43
18:58:45,50.2,16.57,11,11.38,38.5,43
18:58:46,50.1,16.56,8,11.38,39.0,43
18:58:47,50.2,16.55,8,11.38,38.6,42
18:58:48,50.1,16.55,8,11.38,37.8,42
18:58:49,50.1,16.54,8,11.38,38.6,43
18:58:50,50.2,16.53,13,11.38,38.7,45
18:58:51,50.1,16.53,15,11.38,39.2,43
18:58:52,50.2,16.52,16,11.38,38.5,43
18:58:53,50.1,16.52,16,11.38,38.6,43
18:58:54,50.1,16.52,16,11.38,39.1,42
18:58:55,50.1,16.51,16,11.38,38.7,42
18:58:56,50.2,16.51,16,11.38,39.2,42
18:58:57,50.1,16.51,16,11.38,39.0,42
18:58:58,50.1,16.51,16,11.38,38.2,42
18:58:59,50.2,16.51,16,11.38,39.0,42
18:59:00,50.1,16.50,16,11.38,39.1,42
18:59:01,50.2,16.50,16,11.38,39.2,41
18:59:02,50.1,16.50,16,11.38,38.1,41
18:59:03,50.3,16.50,16,11.38,38.7,41
18:59:04,50.2,16.50,16,11.38,38.7,41
18:59:05,50.2,16.50,16,11.38,38.1,42
18:59:06,50.1,16.50,16,11.38,38.8,42
18:59:07,50.2,16.49,16,11.38,38.0,42
18:59:08,50.2,16.49,16,11.38,38.5,42
18:59:09,50.2,16.49,16,11.38,37.9,42
18:59:10,9.4,16.49,0,11.38,23.8,41
18:59:11,0.1,16.49,0,11.38,15.9,41
18:59:12,21.9,16.54,0,11.38,17.0,41
18:59:13,50.1,16.58,0,11.38,17.1,41
18:59:14,30.1,16.53,82,11.38,48.1,50
18:59:15,48.8,16.52,8,11.38,60.7,43
18:59:16,50.2,16.50,8,11.38,44.5,42
18:59:17,50.2,16.50,14,11.38,38.2,44
18:59:18,50.0,16.49,15,11.38,38.8,43
18:59:19,50.2,16.49,15,11.38,39.3,43
18:59:20,50.2,16.49,15,11.38,38.7,43
18:59:21,50.1,16.49,15,11.38,39.2,43
18:59:22,50.1,16.49,8,11.38,38.5,43
18:59:23,50.2,16.49,8,11.38,38.7,43
18:59:24,50.1,16.49,8,11.38,38.8,43
18:59:25,50.1,16.49,9,11.38,39.1,45
18:59:26,50.1,16.49,8,11.38,38.9,45
18:59:27,50.1,16.49,15,11.38,38.7,45
18:59:28,50.2,16.49,15,11.38,39.7,44
18:59:29,50.1,16.49,15,11.38,39.8,43
18:59:30,50.3,16.49,15,11.38,39.1,43
18:59:31,50.2,16.49,8,11.38,39.6,43
18:59:32,21.2,16.49,0,11.38,28.5,42
18:59:33,0.0,16.49,0,11.38,16.6,42
18:59:34,16.2,16.55,0,11.38,15.7,42
18:59:35,50.1,16.48,0,11.38,15.9,42
18:59:36,30.4,16.47,81,11.38,57.4,48
18:59:37,48.9,16.47,15,11.38,64.7,44
18:59:38,50.2,16.47,8,11.38,44.9,44
18:59:39,50.1,16.47,8,11.38,38.9,44
18:59:40,50.2,16.47,11,11.38,38.5,47
18:59:41,50.1,16.47,15,11.38,40.5,45
18:59:42,50.3,16.47,15,11.38,39.8,44
18:59:43,50.2,16.47,15,11.38,39.9,44
18:59:44,50.1,16.47,8,11.38,39.5,44
18:59:45,50.2,16.47,8,11.38,39.6,44
18:59:46,50.2,16.47,8,11.38,39.5,44
18:59:47,50.1,16.47,8,11.38,39.5,44
18:59:48,50.2,16.47,12,11.38,38.9,47
18:59:49,50.2,16.47,16,11.38,40.8,45
18:59:50,50.2,16.47,15,11.38,40.4,45
18:59:51,50.0,16.47,15,11.38,40.1,45
18:59:52,50.2,16.47,15,11.38,39.6,45
18:59:53,50.1,16.47,15,11.38,40.2,45
18:59:54,50.3,16.47,8,11.38,39.7,45
18:59:55,50.1,16.47,8,11.38,39.6,45
18:59:56,50.2,16.47,8,11.38,39.0,45
18:59:57,50.1,16.47,8,11.38,39.6,45
18:59:58,50.2,16.47,13,11.38,39.1,47
18:59:59,50.2,16.47,16,11.38,40.2,46
19:00:00,50.1,16.47,16,11.38,40.4,45
19:00:01,50.2,16.47,16,11.38,39.8,45
19:00:02,50.2,16.47,16,11.38,40.5,45
19:00:03,50.4,16.47,16,11.38,39.8,46
19:00:04,50.2,16.47,16,11.38,40.6,46
19:00:05,50.1,16.47,16,11.38,39.9,46
19:00:06,50.3,16.47,16,11.38,40.7,46
19:00:07,50.1,16.47,16,11.38,40.1,46
19:00:08,50.3,16.47,16,11.38,40.6,46
19:00:09,50.1,16.47,16,11.38,40.1,46
19:00:10,50.1,16.47,16,11.38,39.3,46
19:00:11,50.2,16.47,16,11.38,39.6,46
19:00:12,50.0,16.47,16,11.38,40.0,46
19:00:13,50.2,16.47,16,11.38,39.2,46
19:00:14,50.1,16.47,16,11.38,39.1,46
19:00:15,50.2,16.47,16,11.38,40.1,46
19:00:16,50.1,16.47,16,11.38,39.3,47
19:00:17,50.2,16.47,11,11.38,40.1,49
19:00:18,50.1,16.47,11,11.38,40.0,49
19:00:19,50.1,16.47,10,11.38,40.6,49
19:00:20,50.1,16.47,8,11.38,40.1,48
19:00:21,50.2,16.47,8,11.38,41.0,46
19:00:22,28.5,16.47,0,11.38,32.9,45
19:00:23,0.1,16.47,0,11.38,17.7,45
19:00:24,0.1,16.47,0,11.38,17.7,45
19:00:25,46.5,16.50,0,11.38,16.7,45
19:00:26,38.3,16.08,1,11.38,19.9,48
19:00:27,41.4,16.50,9,11.38,86.7,47
19:00:28,50.2,16.49,8,11.38,46.8,47
19:00:29,50.1,16.49,14,11.38,42.5,48
19:00:30,50.1,16.49,15,11.38,40.4,47
19:00:31,50.2,16.49,15,11.38,39.9,46
19:00:32,50.0,16.49,8,11.38,41.3,46
19:00:33,50.2,16.49,8,11.38,39.4,46
19:00:34,50.2,16.49,8,11.38,39.9,46
19:00:35,50.1,16.49,8,11.38,39.7,46
19:00:36,50.2,16.49,9,11.38,40.5,49
19:00:37,50.1,16.49,16,11.38,39.9,48
19:00:38,50.2,16.49,15,11.38,39.7,47
19:00:39,50.1,16.49,15,11.38,39.9,47
19:00:40,50.2,16.49,15,11.38,39.4,47
19:00:41,50.3,16.49,9,11.39,40.0,47
19:00:42,50.2,16.49,8,11.39,41.2,47
19:00:43,50.2,16.49,8,11.39,40.8,47
19:00:44,50.2,16.49,8,11.39,39.9,47
19:00:45,50.1,16.49,8,11.39,40.6,49
19:00:46,50.1,16.49,16,11.39,40.4,48
19:00:47,50.1,16.49,15,11.39,39.9,48
19:00:48,50.3,16.49,15,11.39,40.4,47
19:00:49,50.1,16.49,16,11.39,39.5,47
19:00:50,50.1,16.49,16,11.39,40.3,47
19:00:51,50.2,16.49,16,11.39,39.5,47
19:00:52,50.1,16.49,16,11.39,39.8,47
19:00:53,50.1,16.49,16,11.39,40.7,47
19:00:54,50.2,16.49,16,11.39,40.2,47
19:00:55,50.1,16.49,16,11.39,39.4,47
19:00:56,50.1,16.49,16,11.39,39.5,48
19:00:57,50.2,16.49,16,11.39,40.5,48
19:00:58,50.2,16.49,16,11.39,40.7,48
19:00:59,50.1,16.49,15,11.39,40.1,48
19:01:00,50.1,16.49,9,11.39,40.9,48
19:01:01,50.2,16.49,14,11.39,40.1,48
19:01:02,50.2,16.49,10,11.39,40.2,48
19:01:03,50.2,16.49,16,11.39,41.0,48
19:01:04,50.1,16.49,8,11.39,40.3,48
19:01:05,50.2,16.49,8,11.39,41.1,48
19:01:06,50.1,16.49,8,11.39,40.8,48
19:01:07,50.2,16.49,8,11.39,40.3,48
19:01:08,50.2,16.49,8,11.39,39.7,48
19:01:09,50.1,16.49,8,11.39,40.5,48
19:01:10,50.3,16.49,8,11.39,40.0,48
19:01:11,50.2,16.49,8,11.39,40.1,49
19:01:12,50.1,16.49,10,11.39,40.8,50
19:01:13,50.2,16.49,16,11.39,41.7,49
19:01:14,50.2,16.49,16,11.39,41.6,48
19:01:15,50.1,16.49,16,11.39,41.2,48
19:01:16,50.2,16.49,13,11.39,39.6,48
19:01:17,34.2,16.49,0,11.39,35.9,47
19:01:18,0.0,16.49,0,11.39,19.8,47
19:01:19,6.4,16.49,0,11.39,17.1,47
19:01:20,50.1,16.51,0,11.39,17.7,47
19:01:21,36.6,16.11,82,11.39,25.1,50
19:01:22,42.4,16.55,15,11.39,88.6,49
19:01:23,50.2,16.55,15,11.39,47.3,51
19:01:24,50.2,16.55,8,11.39,43.3,49
19:01:25,50.2,16.55,8,11.39,41.0,49
19:01:26,50.2,16.55,12,11.39,40.2,48
19:01:27,50.1,16.55,16,11.39,42.3,48
19:01:28,50.2,16.54,15,11.39,41.5,48
19:01:29,50.1,16.54,15,11.39,40.6,48
19:01:30,50.1,16.54,15,11.39,41.4,51
19:01:31,50.2,16.54,9,11.39,40.7,50
19:01:32,50.1,16.54,8,11.39,40.6,49
19:01:33,50.2,16.54,8,11.39,40.8,49
19:01:34,50.1,16.54,8,11.39,39.9,49
19:01:35,50.1,16.54,13,11.39,40.6,49
19:01:36,50.3,16.54,16,11.39,40.7,49
19:01:37,50.2,16.54,15,11.39,41.1,49
19:01:38,50.2,16.54,15,11.39,40.6,49
19:01:39,50.2,16.54,15,11.39,41.7,52
19:01:40,50.1,16.54,10,11.39,41.7,51
19:01:41,50.1,16.54,10,11.39,41.2,51
19:01:42,50.2,16.54,8,11.39,41.0,50
19:01:43,50.1,16.53,8,11.39,40.8,49
19:01:44,50.2,16.54,8,11.39,41.5,49
19:01:45,50.1,16.54,8,11.39,41.4,49
19:01:46,50.1,16.53,8,11.39,40.9,49
19:01:47,50.1,16.53,8,11.39,41.7,49
19:01:48,50.1,16.53,8,11.39,41.6,50
19:01:49,50.2,16.53,8,11.39,40.9,50
19:01:50,50.1,16.53,8,11.39,41.7,50
19:01:51,50.1,16.53,8,11.39,41.2,50
19:01:52,50.2,16.52,8,11.39,41.7,50
19:01:53,50.2,16.52,8,11.39,40.9,50
19:01:54,50.1,16.52,8,11.39,41.4,50
19:01:55,50.1,16.52,8,11.39,41.2,50
19:01:56,50.2,16.52,12,11.39,41.4,52
19:01:57,50.1,16.52,11,11.39,41.4,52
19:01:58,50.1,16.52,11,11.39,42.3,52
19:01:59,50.1,16.52,10,11.39,42.4,51
19:02:00,50.2,16.52,10,11.39,41.7,52
19:02:01,50.1,16.52,15,11.39,42.2,52
19:02:02,50.3,16.52,16,11.39,42.2,52
19:02:03,50.2,16.52,16,11.39,42.0,51
19:02:04,50.1,16.52,16,11.39,42.7,50
19:02:05,50.2,16.52,16,11.39,41.8,50
19:02:06,50.2,16.51,16,11.39,42.4,50
19:02:07,50.1,16.51,16,11.39,42.3,50
19:02:08,50.2,16.51,16,11.39,41.9,50
19:02:09,50.1,16.51,13,11.39,40.8,50
19:02:10,50.1,16.51,9,11.39,41.5,50
19:02:11,50.2,16.52,8,11.39,41.3,50
19:02:12,50.1,16.52,8,11.39,41.3,50
19:02:13,50.2,16.52,8,11.39,41.5,50
19:02:14,50.2,16.52,8,11.39,41.9,51
19:02:15,50.1,16.52,8,11.39,41.4,51
19:02:16,29.9,16.52,0,11.39,36.0,49
19:02:17,0.1,16.52,0,11.39,18.6,49
19:02:18,0.1,16.52,0,11.39,18.7,49
19:02:19,45.3,16.57,0,11.39,17.5,49
19:02:20,50.1,16.55,0,11.39,17.7,49
19:02:21,28.6,16.59,88,11.39,65.1,57
19:02:22,50.0,16.59,11,11.39,55.9,51
19:02:23,50.2,16.59,12,11.39,45.9,50
19:02:24,50.2,16.58,16,11.39,43.3,50
19:02:25,50.1,16.58,15,11.39,42.0,50
19:02:26,50.2,16.57,16,11.39,42.5,50
19:02:27,50.1,16.57,14,11.39,41.9,54
19:02:28,50.2,16.57,8,11.39,42.7,51
19:02:29,50.1,16.56,8,11.39,42.1,51
19:02:30,50.1,16.56,8,11.39,41.6,51
19:02:31,50.2,16.56,8,11.39,41.6,51
19:02:32,50.2,16.55,12,11.39,42.4,50
19:02:33,50.2,16.55,16,11.39,43.5,50
19:02:34,50.2,16.55,15,11.39,42.4,50
19:02:35,50.2,16.55,15,11.39,42.6,51
19:02:36,50.3,16.54,12,11.39,42.0,53
19:02:37,50.1,16.54,8,11.39,42.0,51
19:02:38,50.2,16.54,8,11.39,41.6,51
19:02:39,50.1,16.54,8,11.39,41.4,51
19:02:40,50.2,16.54,8,11.39,42.2,51
19:02:41,50.2,16.54,10,11.39,41.5,51
19:02:42,50.2,16.53,11,11.39,41.4,51
19:02:43,50.2,16.53,13,11.39,42.1,51
19:02:44,50.1,16.53,14,11.39,42.0,51
19:02:45,50.1,16.53,16,11.39,42.8,51
19:02:46,50.2,16.53,16,11.39,42.6,51
19:02:47,50.2,16.53,16,11.39,42.9,51
19:02:48,50.2,16.53,16,11.39,41.9,51
19:02:49,50.2,16.53,16,11.39,43.1,51
19:02:50,50.1,16.53,16,11.39,43.2,51
19:02:51,50.1,16.53,16,11.39,42.3,51
19:02:52,50.2,16.53,16,11.39,42.7,51
19:02:53,50.1,16.53,16,11.39,43.3,51
19:02:54,50.2,16.53,16,11.39,42.5,51
19:02:55,50.2,16.53,16,11.39,43.4,51
19:02:56,50.2,16.53,16,11.39,42.8,51
19:02:57,50.1,16.53,16,11.39,43.6,51
19:02:58,50.1,16.53,16,11.39,42.9,51
19:02:59,50.1,16.53,16,11.39,42.8,51
19:03:00,50.2,16.53,16,11.39,43.2,51
19:03:01,50.1,16.53,16,11.39,42.9,51
19:03:02,50.2,16.53,16,11.39,41.7,51
19:03:03,50.3,16.52,15,11.39,42.2,51
19:03:04,50.2,16.52,13,11.39,41.9,51
19:03:05,50.2,16.52,10,11.39,42.3,51
19:03:06,50.1,16.52,8,11.39,41.6,51
19:03:07,50.1,16.52,8,11.39,41.9,51
19:03:08,50.2,16.52,8,11.39,42.0,52
19:03:09,50.1,16.52,8,11.39,42.9,52
19:03:10,40.8,16.52,8,11.39,42.3,52
19:03:11,0.1,16.52,0,11.39,21.6,50
19:03:12,0.1,16.52,0,11.39,18.4,50
19:03:13,30.9,16.56,0,11.39,19.3,50
19:03:14,48.2,15.90,0,11.39,19.4,50
19:03:15,29.9,16.63,86,11.39,55.0,56
19:03:16,50.1,16.63,8,11.39,57.4,52
19:03:17,50.2,16.62,15,11.39,46.9,52
19:03:18,50.1,16.62,15,11.39,42.9,51
19:03:19,50.2,16.62,15,11.39,42.2,54
19:03:20,50.1,16.61,8,11.39,43.0,53
19:03:21,50.2,16.60,8,11.39,42.2,52
19:03:22,50.2,16.60,8,11.39,41.8,52
19:03:23,50.1,16.60,8,11.39,42.5,52
19:03:24,50.3,16.59,8,11.39,41.7,52
19:03:25,50.2,16.59,8,11.39,42.4,52
19:03:26,50.1,16.58,14,11.39,43.0,52
19:03:27,50.2,16.58,15,11.39,43.1,52
19:03:28,50.2,16.58,15,11.39,43.1,52
19:03:29,50.2,16.58,15,11.39,42.8,54
19:03:30,50.1,16.58,10,11.39,43.5,53
19:03:31,50.1,16.58,8,11.39,43.4,52
19:03:32,50.2,16.57,8,11.39,42.8,52
19:03:33,50.1,16.57,8,11.39,42.0,52
19:03:34,50.2,16.57,16,11.39,42.5,52
19:03:35,50.1,16.57,15,11.39,43.4,52
19:03:36,50.2,16.57,16,11.39,43.3,52
19:03:37,50.1,16.57,16,11.39,42.7,52
19:03:38,50.1,16.57,16,11.39,43.1,52
19:03:39,50.1,16.57,16,11.39,42.5,52
19:03:40,50.1,16.57,16,11.39,42.6,52
19:03:41,50.2,16.57,16,11.39,43.0,53
19:03:42,50.2,16.57,16,11.39,43.5,54
19:03:43,50.1,16.57,16,11.39,42.7,52
19:03:44,50.2,16.56,16,11.39,43.5,52
19:03:45,50.2,16.56,16,11.39,43.5,52
19:03:46,50.2,16.56,16,11.39,43.0,52
19:03:47,50.2,16.56,16,11.39,43.3,52
19:03:48,50.2,16.56,16,11.39,43.3,52
19:03:49,50.1,16.56,16,11.39,42.6,52
19:03:50,50.2,16.56,16,11.39,43.6,52
19:03:51,50.2,16.57,16,11.39,43.3,52
19:03:52,50.2,16.56,16,11.39,43.6,52
19:03:53,50.1,16.56,16,11.39,42.7,52
19:03:54,50.2,16.56,16,11.39,43.5,52
19:03:55,50.2,16.57,16,11.39,42.7,52
19:03:56,50.1,16.57,16,11.39,43.0,52
19:03:57,31.4,16.57,0,11.39,38.9,52
19:03:58,0.1,16.57,0,11.39,19.9,51
19:03:59,3.5,6.63,0,1.11,18.5,51
19:04:00,45.8,6.69,0,1.11,19.6,51
19:04:01,30.0,6.34,1,0.81,17.5,51
19:04:02,6.6,6.78,0,9.39,19.8,51
19:04:03,27.0,6.85,93,9.40,90.8,62
19:04:04,28.1,6.84,93,9.40,189.4,64
19:04:05,28.2,6.83,93,9.40,191.1,65
19:04:06,28.3,6.81,93,9.40,190.9,65
19:04:07,29.4,6.80,93,9.40,191.2,65
19:04:08,0.2,6.80,0,9.40,80.7,54
19:04:09,0.1,6.79,0,9.40,36.6,54
19:04:10,2.4,7.11,1,9.56,23.0,52
19:04:11,27.3,7.34,0,10.25,22.0,52
19:04:12,50.0,7.34,0,10.25,21.6,51
19:04:13,30.4,7.52,93,10.25,114.4,62
19:04:14,28.1,7.52,93,10.25,190.5,63
19:04:15,28.2,7.52,93,10.25,191.4,63
19:04:16,24.5,7.52,93,10.25,191.2,63
19:04:17,0.1,7.51,0,10.25,40.5,51
19:04:18,14.2,7.59,11,10.25,25.2,49
19:04:19,50.1,7.61,0,10.25,21.1,48
19:04:20,37.7,7.74,93,10.25,54.4,57
19:04:21,28.2,7.73,93,10.25,187.8,60
19:04:22,27.9,7.73,93,10.25,189.0,60
19:04:23,27.8,7.71,93,10.25,188.5,60
19:04:24,28.4,7.70,93,10.25,188.4,60
19:04:25,11.4,7.70,0,10.25,150.4,50
19:04:26,0.1,7.70,0,10.25,25.7,47
19:04:27,18.3,7.71,3,10.25,23.4,46
19:04:28,50.2,7.80,0,10.25,19.6,46
19:04:29,40.4,7.97,92,10.25,31.4,55
19:04:30,28.1,7.96,93,10.25,184.0,57
19:04:31,28.1,7.96,93,10.25,187.1,58
19:04:32,28.4,7.94,93,10.25,187.1,58
19:04:33,28.3,7.93,93,10.25,187.0,58
19:04:34,15.6,7.92,0,10.25,171.0,50
19:04:35,0.2,7.91,0,10.25,53.4,46
19:04:36,36.5,8.02,0,10.25,22.7,45
19:04:37,47.8,8.21,0,10.25,21.4,45
19:04:38,28.2,8.19,92,10.25,100.7,56
19:04:39,28.1,8.19,93,10.25,186.3,57
19:04:40,26.5,8.18,93,10.25,186.2,57
19:04:41,0.1,8.18,0,10.25,80.3,46
19:04:42,0.2,8.17,0,10.25,50.9,46
19:04:43,32.2,8.14,0,10.25,20.6,44
19:04:44,47.3,8.29,0,10.25,17.6,44
19:04:45,28.0,8.29,93,10.25,111.3,55
19:04:46,28.1,8.27,93,10.25,185.5,56
19:04:47,16.5,8.22,0,10.25,155.7,48
19:04:48,0.1,8.22,0,10.25,25.3,45
19:04:49,17.4,8.19,1,10.25,21.7,44
19:04:50,50.1,8.23,0,10.25,18.6,44
19:04:51,34.0,8.37,93,10.25,75.4,54
19:04:52,28.1,8.37,93,10.25,184.8,56
19:04:53,28.0,8.35,92,10.25,185.8,56
19:04:54,28.1,8.34,93,10.25,185.9,57
19:04:55,28.0,8.34,93,10.25,186.1,57
19:04:56,6.5,8.34,0,10.25,123.9,47
19:04:57,0.0,8.34,0,10.25,50.4,46
19:04:58,28.9,8.35,0,10.25,21.9,44
19:04:59,50.1,8.36,0,10.25,17.6,44
19:05:00,30.9,8.54,93,10.25,82.1,55
19:05:01,28.2,8.54,93,10.25,185.4,56
19:05:02,28.1,8.54,93,10.25,186.1,56
19:05:03,28.1,8.54,93,10.25,185.9,57
19:05:04,28.2,8.53,93,10.25,186.0,57
19:05:05,3.3,8.53,0,10.25,107.3,46
19:05:06,0.1,8.53,0,10.25,48.5,46
19:05:07,0.1,8.53,0,10.25,23.0,45
19:05:08,0.0,8.53,0,10.25,19.4,44
19:05:09,0.1,8.52,0,10.25,16.0,44
19:05:10,4.4,8.58,0,10.25,16.4,44
19:05:11,49.2,8.53,0,10.25,17.2,43
19:05:12,46.5,8.74,0,10.25,17.3,43
19:05:13,28.1,8.74,93,10.25,89.4,55
19:05:14,27.8,8.74,93,10.25,185.1,56
19:05:15,0.0,8.73,0,10.25,61.7,45
19:05:16,0.1,8.73,0,10.25,43.8,44
19:05:17,39.1,8.78,0,10.25,20.7,43
19:05:18,46.6,8.94,0,10.25,17.7,43
19:05:19,28.1,8.92,93,10.25,105.8,54
19:05:20,28.1,8.92,93,10.25,185.2,55
19:05:21,28.5,8.91,93,10.25,185.1,56
19:05:22,28.1,8.86,92,10.25,185.3,56
19:05:23,9.4,8.86,0,10.25,117.2,46
19:05:24,0.1,8.86,0,10.25,25.1,44
19:05:25,21.9,8.93,0,10.25,19.9,43
19:05:26,50.1,8.95,0,10.25,18.4,43
19:05:27,29.4,9.14,93,10.25,94.8,54
19:05:28,28.1,9.13,93,10.25,184.4,55
19:05:29,28.1,9.11,93,10.25,185.5,56
19:05:30,28.7,9.11,93,10.25,185.3,56
19:05:31,28.0,9.09,93,10.25,185.5,56
19:05:32,0.7,9.07,0,10.25,88.0,45
19:05:33,0.1,9.06,0,10.25,39.6,45
19:05:34,44.2,9.06,0,10.25,21.5,44
19:05:35,44.8,9.24,0,10.25,18.0,43
19:05:36,28.0,9.24,92,10.25,105.4,55
19:05:37,28.1,9.23,93,10.25,185.3,56
19:05:38,28.3,9.22,93,10.25,185.8,56
19:05:39,28.2,9.21,93,10.25,185.9,56
19:05:40,20.5,9.20,94,10.25,186.7,56
19:05:41,0.1,9.20,0,10.25,41.7,45
19:05:42,28.4,9.26,0,10.25,25.1,44
19:05:43,50.2,9.29,0,10.25,22.0,44
19:05:44,16.6,9.46,0,10.25,66.6,47
19:05:45,0.1,9.45,0,10.25,25.2,44
19:05:46,24.3,9.67,0,10.25,22.5,43
19:05:47,50.1,9.69,0,10.25,17.8,43
19:05:48,37.6,9.73,93,10.25,46.7,52
19:05:49,28.2,9.73,93,10.25,184.4,55
19:05:50,28.2,9.72,92,10.25,185.2,55
19:05:51,28.1,9.71,93,10.25,184.9,56
19:05:52,28.4,9.70,93,10.25,185.6,56
19:05:53,10.6,9.70,0,10.25,147.1,47
19:05:54,6.3,9.71,0,10.25,34.4,45
19:05:55,50.1,9.70,0,10.25,23.1,44
19:05:56,38.8,9.88,95,10.25,37.4,51
19:05:57,28.1,9.87,93,10.25,184.8,55
19:05:58,27.9,9.87,93,10.25,185.8,56
19:05:59,28.1,9.87,93,10.25,185.5,56
19:06:00,4.8,9.86,0,10.25,93.2,45
19:06:01,0.0,9.86,0,10.25,28.7,45
19:06:02,17.1,9.89,5,10.25,20.3,43
19:06:03,50.2,9.81,0,10.25,17.3,43
19:06:04,32.0,10.03,93,10.25,83.5,54
19:06:05,28.1,10.02,93,10.25,184.2,55
19:06:06,28.1,10.01,93,10.25,185.7,56
19:06:07,28.2,10.01,93,10.25,185.6,56
19:06:08,24.6,10.00,92,10.25,185.7,56
19:06:09,0.0,10.00,0,10.25,78.2,45
19:06:10,0.2,10.00,0,10.25,49.1,45
19:06:11,4.6,10.05,0,10.25,23.3,44
19:06:12,49.8,10.02,0,10.25,16.9,43
19:06:13,39.0,10.18,96,10.25,32.3,51
19:06:14,28.1,10.18,93,10.25,183.7,55
19:06:15,28.1,10.17,93,10.25,185.4,55
19:06:16,28.1,10.17,93,10.25,185.5,56
19:06:17,10.9,10.17,0,10.25,135.2,46
19:06:18,0.1,10.16,0,10.25,47.5,45
19:06:19,32.4,10.17,0,10.25,21.6,43
19:06:20,50.1,10.21,0,10.25,17.8,43
19:06:21,28.7,10.35,93,10.25,82.0,54
19:06:22,28.1,10.35,93,10.25,184.8,55
19:06:23,28.0,10.35,93,10.25,185.4,56
19:06:24,28.5,10.35,93,10.25,185.5,56
19:06:25,28.2,10.35,93,10.25,185.9,56
19:06:26,0.6,10.34,0,10.25,100.3,45
19:06:27,4.7,10.39,0,10.25,41.7,45
19:06:28,49.2,10.38,0,10.25,21.3,44
19:06:29,46.2,10.57,0,10.25,17.5,43
19:06:30,28.2,10.57,93,10.25,115.5,55
19:06:31,28.1,10.55,93,10.25,185.5,56
19:06:32,28.2,10.49,93,10.25,185.7,56
19:06:33,27.9,10.49,93,10.25,185.7,56
19:06:34,22.7,10.49,93,10.25,186.3,56
19:06:35,0.1,10.49,0,10.25,58.0,45
19:06:36,0.0,10.49,0,10.25,25.2,44
19:06:37,38.0,10.52,0,10.25,18.6,44
19:06:38,46.7,10.72,0,10.25,18.3,43
19:06:39,28.2,10.71,93,10.25,99.4,55
19:06:40,28.1,10.71,93,10.25,185.4,56
19:06:41,28.2,10.69,93,10.25,185.6,56
19:06:42,28.2,10.69,93,10.25,186.0,56
19:06:43,23.2,10.69,93,10.25,186.4,56
19:06:44,0.1,10.68,0,10.25,61.7,45
19:06:45,0.1,10.68,0,10.25,43.8,45
19:06:46,35.0,10.66,0,10.25,20.5,44
19:06:47,45.6,10.88,0,10.25,17.5,44
19:06:48,28.1,10.87,93,10.25,111.3,55
19:06:49,28.1,10.87,93,10.25,184.9,56
19:06:50,28.3,10.87,92,10.25,185.9,56
19:06:51,28.0,10.86,93,10.25,186.0,56
19:06:52,21.5,10.86,93,10.25,186.5,57
19:06:53,0.1,10.87,0,10.25,51.9,45
19:06:54,0.1,10.86,0,10.25,49.5,45
19:06:55,37.2,10.90,0,10.25,20.9,44
19:06:56,46.6,11.06,0,10.25,17.9,44
19:06:57,28.2,11.05,93,10.25,104.9,55
19:06:58,28.1,11.05,93,10.25,185.5,56
19:06:59,27.9,11.05,93,10.25,185.9,56
19:07:00,28.1,11.05,94,10.25,186.1,56
19:07:01,22.9,11.05,93,10.25,186.7,57
19:07:02,0.1,11.05,0,10.25,60.8,45
19:07:03,22.1,11.11,1,10.25,25.2,45
19:07:04,50.1,11.14,0,10.25,18.2,44
19:07:05,33.3,11.30,93,10.25,73.4,54
19:07:06,28.1,11.30,93,10.25,185.0,56
19:07:07,15.5,11.30,54,10.25,180.3,52
19:07:08,0.1,11.29,0,10.25,49.4,45
19:07:09,0.1,11.29,0,10.25,24.1,44
19:07:10,32.4,11.28,0,10.25,17.0,44
19:07:11,50.1,11.32,0,10.25,18.3,43
19:07:12,34.3,11.43,93,10.25,70.9,53
19:07:13,28.1,11.43,93,10.25,184.5,55
19:07:14,28.2,11.43,93,10.25,185.6,56
19:07:15,28.1,11.43,93,10.25,185.6,56
19:07:16,28.2,11.43,93,10.25,186.0,56
19:07:17,6.8,11.43,0,10.25,131.0,46
19:07:18,0.1,11.43,0,10.25,25.2,45
19:07:19,31.4,11.44,0,10.25,21.4,44
19:07:20,48.1,11.64,0,10.25,18.6,44
19:07:21,29.7,11.64,93,10.25,92.8,54
19:07:22,28.1,11.64,93,10.25,185.5,56
19:07:23,28.2,11.64,93,10.25,186.1,56
19:07:24,28.3,11.64,93,10.25,186.0,56
19:07:25,27.1,11.64,93,10.25,186.5,57
19:07:26,0.0,11.64,0,10.25,96.2,46
19:07:27,0.1,11.64,0,10.25,38.7,45
19:07:28,1.1,6.76,0,1.66,22.0,44
19:07:29,8.0,6.76,0,1.66,18.8,44
19:07:30,50.0,6.76,0,1.66,17.8,43
19:07:31,16.2,6.76,0,1.66,17.9,43
19:07:32,0.1,6.75,0,1.66,16.7,43
19:07:33,0.0,6.75,0,1.66,17.0,43
19:07:34,0.1,6.75,0,1.66,17.6,43
19:07:35,0.1,6.74,0,1.66,16.2,42
19:07:36,4.2,6.77,0,1.66,16.0,42
19:07:37,49.2,6.79,0,1.66,16.7,42
19:07:38,27.1,6.78,0,1.66,17.7,42
19:07:39,0.0,6.76,0,1.66,16.5,42
19:07:40,0.1,6.76,0,1.66,16.5,41
19:07:41,0.0,6.74,0,1.66,17.4,41
19:07:42,0.1,6.74,0,1.66,16.2,41
19:07:43,16.8,6.89,0,1.66,16.1,41
19:07:44,50.1,6.92,0,1.66,16.9,41
19:07:46,18.5,6.88,0,1.66,17.0,41
19:07:47,0.2,6.86,0,1.66,15.8,41
19:07:48,0.1,6.85,0,1.66,15.6,41
19:07:49,0.1,6.83,0,1.66,16.2,41
19:07:50,0.1,6.82,0,1.66,15.6,41
19:07:51,4.2,6.86,2,1.66,15.7,41
19:07:52,49.2,6.97,0,1.66,16.4,41
19:07:53,43.0,6.92,0,1.66,16.2,41
19:07:54,0.1,6.91,0,1.66,15.7,41
19:07:55,0.1,6.89,0,1.66,16.5,41
19:07:56,0.0,6.88,0,1.66,16.5,41
19:07:57,0.2,6.88,0,1.66,15.7,41
19:07:58,18.2,6.85,0,1.66,15.7,41
19:07:59,50.1,6.86,0,1.66,16.7,41
19:08:00,13.2,6.81,0,1.66,15.8,41
19:08:01,0.1,6.81,0,1.66,16.1,41
19:08:02,0.2,6.80,0,1.66,16.2,41
19:08:03,0.2,6.80,0,1.66,16.3,41
19:08:04,0.0,6.79,0,1.66,15.7,41
19:08:05,0.1,6.78,0,1.66,15.5,41
19:08:06,0.1,6.77,0,1.66,15.2,41
19:08:07,0.1,6.77,0,1.66,15.2,41
19:08:08,17.1,6.72,0,1.66,15.6,41
19:08:09,50.1,6.72,0,1.66,17.5,41
19:08:10,7.1,6.70,0,1.66,17.4,41
19:08:11,0.1,6.70,0,1.66,15.8,41
19:08:12,0.1,6.69,0,1.66,15.6,41
19:08:13,0.2,6.69,0,1.66,15.3,41
19:08:14,0.1,6.69,0,1.66,15.4,41
19:08:15,0.2,6.68,0,1.66,15.7,42
19:08:16,0.1,6.68,0,1.66,16.0,42
19:08:17,0.0,6.68,0,1.66,16.7,42
19:08:18,0.1,6.69,0,1.66,16.2,42
19:08:19,32.4,6.74,0,1.66,17.2,42
19:08:20,48.5,6.71,0,1.66,17.3,42
19:08:21,0.1,6.71,0,1.66,16.4,42
19:08:22,0.1,6.71,0,1.66,16.1,42
19:08:23,0.1,6.71,0,1.66,15.9,42
19:08:24,0.2,6.71,0,1.66,16.7,42
19:08:25,0.1,6.71,0,1.66,15.9,42
19:08:26,0.1,6.71,0,1.66,15.7,42
19:08:27,4.1,6.76,0,1.66,15.7,42
19:08:28,49.2,6.78,0,1.66,17.1,42
19:08:29,31.1,6.75,0,1.66,16.1,42
19:08:30,0.2,6.75,0,1.66,15.7,42
19:08:31,0.0,6.74,0,1.66,17.2,42
19:08:32,0.1,6.74,0,1.66,15.6,42
19:08:33,0.1,6.74,0,1.66,15.7,42
19:08:34,0.2,6.74,0,1.66,15.8,42
19:08:35,0.1,6.74,0,1.66,15.7,42
19:08:36,0.0,6.74,0,1.66,15.6,42
19:08:37,0.3,6.73,0,1.66,15.8,42
19:08:38,47.0,6.74,0,1.66,17.2,42
19:08:39,48.9,6.74,0,1.66,17.3,42
19:08:40,0.0,6.74,0,1.66,16.5,42
19:08:41,0.1,6.74,0,1.66,16.1,42
19:08:42,0.1,6.73,0,1.66,15.9,42
19:08:43,0.2,6.73,0,1.66,16.0,42
19:08:44,0.2,6.73,0,1.66,16.0,42
19:08:45,0.0,6.73,0,1.66,15.9,42
19:08:46,14.2,6.81,0,1.66,16.2,42
19:08:47,50.1,6.82,0,1.66,16.7,42
19:08:48,17.0,6.79,0,1.66,16.3,42
19:08:49,0.0,6.79,0,1.66,15.9,42
19:08:50,0.1,6.78,0,1.66,15.3,42
19:08:51,0.0,6.78,0,1.66,15.3,42
19:08:52,0.2,6.73,0,1.66,15.9,42
19:08:53,0.1,6.73,0,1.66,16.1,42
19:08:54,0.0,6.73,0,1.66,15.5,42
19:08:55,0.1,6.73,0,1.66,15.4,42
19:08:56,0.1,6.73,0,1.66,15.5,42
19:08:57,15.1,6.77,0,1.66,15.9,42
19:08:58,50.0,6.77,0,1.66,17.0,42
19:08:59,8.5,6.78,0,1.66,16.2,42
19:09:00,0.1,6.78,0,1.66,16.3,42
19:09:01,0.1,6.78,0,1.66,16.5,42
19:09:02,0.0,6.78,0,1.66,15.8,42
19:09:03,0.1,6.78,0,1.66,16.0,42
19:09:04,0.2,6.78,0,1.66,16.0,42
19:09:05,0.1,6.77,0,1.66,15.8,42
19:09:06,0.2,6.77,0,1.66,15.8,43
19:09:07,0.2,6.76,0,1.66,16.4,43
19:09:08,44.2,6.83,0,1.66,17.0,43
19:09:09,35.9,6.78,0,1.66,17.1,43
19:09:10,0.0,6.78,0,1.66,16.3,43
19:09:11,0.0,6.77,0,1.66,15.6,43
19:09:12,0.2,6.77,0,1.66,15.7,43
19:09:13,0.0,6.77,0,1.66,15.7,43
19:09:14,0.1,6.77,0,1.66,16.3,43
19:09:15,0.1,6.77,0,1.66,15.6,43
19:09:16,0.1,6.75,0,1.66,15.6,43
19:09:17,0.1,6.75,0,1.66,15.8,43
19:09:18,0.1,6.75,0,1.66,15.5,43
19:09:19,32.2,6.78,0,1.66,16.8,43
19:09:20,50.1,6.79,0,1.66,16.9,43
19:09:21,2.1,6.78,0,1.66,16.3,43
19:09:22,0.2,6.78,0,1.66,16.3,43
19:09:23,0.0,6.78,0,1.66,15.8,43
19:09:24,0.1,6.78,0,1.66,15.5,43
19:09:25,0.0,6.78,0,1.66,15.5,43
19:09:26,0.2,6.78,0,1.66,15.8,43
19:09:27,0.1,6.77,0,1.66,15.8,43
19:09:28,0.1,6.77,0,1.66,16.4,43
19:09:29,0.1,6.77,0,1.66,17.0,43
19:09:30,0.0,6.77,0,1.66,16.2,43
19:09:31,38.1,6.84,0,1.66,16.6,43
19:09:32,50.1,6.84,0,1.66,17.6,43
19:09:33,7.9,6.81,0,1.66,16.6,43
19:09:34,0.1,6.81,0,1.66,15.9,43
19:09:35,0.0,6.80,0,1.66,16.4,43
19:09:36,0.1,6.80,0,1.66,17.1,43
19:09:37,0.1,6.80,0,1.66,16.2,43
19:09:38,0.1,6.79,0,1.66,16.0,43
19:09:39,0.1,6.79,0,1.66,16.0,43
19:09:40,0.1,6.79,0,1.66,16.0,43
19:09:41,0.1,6.79,0,1.66,16.2,43
19:09:42,0.1,6.78,0,1.66,16.2,43
19:09:43,0.2,6.78,0,1.66,16.6,43
19:09:44,0.1,6.78,0,1.66,15.5,43
19:09:45,20.1,6.84,0,1.66,15.9,43
19:09:46,50.1,6.80,0,1.66,17.3,43
19:09:47,12.1,6.82,0,1.66,16.3,43
19:09:48,0.1,6.81,0,1.66,15.8,43
19:09:49,0.0,6.80,0,1.66,16.2,43
19:09:50,0.1,6.80,0,1.66,16.7,43
19:09:51,0.1,6.79,0,1.66,15.7,43
19:09:52,0.1,6.78,0,1.66,15.7,43
19:09:53,0.1,6.78,0,1.66,15.6,43
19:09:54,0.2,6.76,0,1.66,15.6,43
19:09:55,0.2,6.76,0,1.66,15.9,43
19:09:56,0.0,6.76,0,1.66,15.8,43
19:09:57,0.1,6.76,0,1.66,17.1,43
19:09:58,0.0,6.76,0,1.66,16.2,43
19:09:59,44.4,6.75,0,1.66,17.4,43
19:10:00,30.0,6.76,0,1.66,16.6,43
19:10:01,0.1,6.76,0,1.66,16.8,43
19:10:02,0.1,6.76,0,1.66,16.1,43
19:10:03,0.2,6.76,0,1.66,16.0,43
19:10:04,0.2,6.76,0,1.66,16.6,43
19:10:05,0.1,6.76,0,1.66,16.8,43
19:10:06,0.1,6.76,0,1.66,15.9,43
19:10:07,0.1,6.76,0,1.66,15.9,43
19:10:08,13.1,6.78,2,1.66,15.9,43
19:10:09,50.1,6.85,0,1.66,16.9,43
19:10:10,16.9,6.78,0,1.66,16.2,43
19:10:11,0.1,6.76,0,1.66,16.5,43
19:10:12,0.1,6.76,0,1.66,16.8,43
19:10:13,0.1,6.76,0,1.66,16.0,43
19:10:14,0.1,6.76,0,1.66,15.7,43
19:10:15,0.1,6.75,0,1.66,15.6,43
19:10:16,3.9,6.80,0,1.66,15.9,43
19:10:17,49.2,6.77,0,1.66,16.6,43
19:10:18,31.3,6.74,0,1.66,17.1,43
19:10:19,0.1,6.74,0,1.66,17.1,43
19:10:20,0.1,6.74,0,1.66,16.0,43
19:10:21,0.1,6.73,0,1.66,15.9,43
19:10:22,0.1,6.73,0,1.66,15.7,43
19:10:23,0.1,6.73,0,1.66,15.8,43
19:10:24,0.2,6.73,0,1.66,15.6,43
19:10:25,11.3,6.78,0,1.66,15.7,43
19:10:26,50.1,6.79,0,1.66,17.7,43
19:10:27,34.6,6.77,0,1.66,17.8,43
19:10:28,0.1,6.77,0,1.66,16.6,43
19:10:29,0.0,6.77,0,1.66,15.8,43
19:10:30,0.1,6.76,0,1.66,15.8,43
19:10:31,0.1,6.76,0,1.66,15.8,43
19:10:32,0.0,6.76,0,1.66,15.6,44
19:10:33,0.2,6.76,0,1.66,16.4,43
19:10:34,0.1,6.75,0,1.66,15.8,43
19:10:35,0.1,6.75,0,1.66,15.9,44
19:10:36,0.1,6.75,0,1.66,15.9,43
19:10:37,10.9,6.76,0,1.66,16.0,44
19:10:38,50.1,6.87,0,1.66,17.1,44
19:10:39,21.0,6.84,0,1.66,17.2,44
19:10:40,0.1,6.84,0,1.66,16.7,44
19:10:41,0.1,6.83,0,1.66,16.3,44
19:10:42,0.1,6.82,0,1.66,16.1,44
19:10:43,0.2,6.81,0,1.66,16.1,44
19:10:44,0.1,6.81,0,1.66,16.0,44
19:10:45,0.0,6.80,0,1.66,16.1,44
19:10:46,0.2,6.80,0,1.66,16.2,44
19:10:47,0.1,6.80,0,1.66,16.9,44
19:10:48,0.1,6.79,0,1.66,17.0,44
19:10:49,9.6,6.78,0,1.66,15.9,44
19:10:50,50.1,6.77,0,1.66,17.0,44
19:10:51,14.2,6.79,0,1.66,17.0,44
19:10:52,0.2,6.78,0,1.66,16.7,44
19:10:53,0.1,6.77,0,1.66,15.9,44
19:10:54,0.1,6.77,0,1.66,16.3,44
19:10:55,0.1,6.77,0,1.66,16.9,44
19:10:56,0.1,6.77,0,1.66,16.0,44
19:10:57,0.1,6.76,0,1.66,15.9,44
19:10:58,0.3,6.76,0,1.66,15.8,44
19:10:59,0.0,6.76,0,1.66,15.8,44
19:11:00,0.1,6.76,0,1.66,15.8,44
19:11:01,0.1,6.75,0,1.66,16.4,44
19:11:02,32.2,6.76,0,1.66,17.2,44
19:11:03,48.5,6.75,0,1.66,17.4,44
19:11:04,0.1,6.75,0,1.66,16.5,44
19:11:05,0.0,6.75,0,1.66,15.8,44
19:11:06,0.4,6.74,0,1.66,15.5,44
19:11:07,0.0,6.74,0,1.66,15.6,44
19:11:08,0.2,6.74,0,1.66,16.0,44
19:11:09,0.0,6.73,0,1.66,16.9,44
19:11:10,0.1,6.73,0,1.66,15.8,44
19:11:11,0.1,6.73,0,1.66,15.8,44
19:11:12,0.1,6.73,0,1.66,15.9,44
19:11:13,0.1,6.72,0,1.66,15.9,44
19:11:14,0.0,6.71,0,1.66,16.2,44
19:11:15,36.1,6.74,0,1.66,16.5,44
19:11:16,49.2,6.72,0,1.66,17.6,44
19:11:17,0.1,6.72,0,1.66,16.1,44
19:11:18,0.1,6.72,0,1.66,15.9,44
19:11:19,0.1,6.72,0,1.66,15.8,44
19:11:20,0.0,6.72,0,1.66,15.6,44
19:11:21,0.3,6.71,0,1.66,15.6,44
19:11:22,0.1,6.71,0,1.66,15.5,44
19:11:23,0.1,6.71,0,1.66,16.6,44
19:11:24,0.1,6.70,0,1.66,15.9,44
19:11:25,33.5,6.76,0,1.66,16.2,44
19:11:26,50.1,6.78,0,1.66,17.1,44
19:11:27,13.1,6.75,0,1.66,16.5,44
19:11:28,0.0,6.74,0,1.66,16.0,44
19:11:29,0.1,6.74,0,1.66,15.8,44
19:11:30,0.1,6.74,0,1.66,16.4,44
19:11:31,0.0,6.74,0,1.66,16.4,44
19:11:32,0.2,6.73,0,1.66,15.6,44
19:11:33,0.2,6.73,0,1.66,15.5,44
19:11:34,0.2,6.72,0,1.66,15.7,44
19:11:35,0.1,6.72,0,1.66,15.6,44
19:11:36,26.5,6.77,0,1.66,15.9,44
19:11:37,50.1,6.79,0,1.66,17.2,44
19:11:38,4.5,6.72,0,1.66,17.3,44
19:11:39,0.1,6.72,0,1.66,15.8,44
19:11:40,0.1,6.72,0,1.66,15.7,44
19:11:41,0.1,6.72,0,1.66,15.7,44
19:11:42,0.2,6.72,0,1.66,15.6,44
19:11:43,0.2,6.72,0,1.66,15.7,44
19:11:44,0.1,6.72,0,1.66,16.0,44
19:11:45,4.2,6.77,0,1.66,16.3,44
19:11:46,48.8,6.71,0,1.66,16.7,44
19:11:47,22.0,6.71,0,1.66,15.9,44
19:11:48,0.2,6.71,0,1.66,15.7,44
19:11:49,0.2,6.71,0,1.66,15.4,44
19:11:50,0.1,6.71,0,1.66,15.6,44
19:11:51,0.1,6.71,0,1.66,16.5,44
19:11:52,4.9,6.72,0,1.66,16.4,44
19:11:53,50.1,6.89,0,1.66,16.8,44
19:11:54,25.9,6.83,0,1.66,16.3,44
19:11:55,0.2,6.81,0,1.66,15.5,44
19:11:56,0.1,6.81,0,1.66,15.5,44
19:11:57,0.0,6.81,0,1.66,15.4,44
19:11:58,0.2,6.80,0,1.66,15.8,44
19:11:59,43.5,6.94,0,1.66,17.1,44
19:12:00,41.2,6.93,0,1.65,16.7,44
19:12:01,0.2,6.92,0,1.65,16.6,44
19:12:02,0.1,6.92,0,1.65,15.4,44
19:12:03,0.1,6.91,0,1.65,15.4,44
19:12:04,0.1,6.91,0,1.65,15.4,44
19:12:05,37.9,7.05,0,1.65,16.6,44
19:12:06,50.1,7.00,0,1.65,17.4,44
19:12:07,7.6,6.99,0,1.65,16.2,44
19:12:08,0.3,6.98,0,1.65,15.9,44
19:12:09,0.0,6.98,0,1.65,15.6,44
19:12:10,0.1,6.96,0,1.65,15.6,44
19:12:11,4.6,6.95,1,1.65,15.9,44
19:12:12,50.1,6.99,0,1.65,17.3,44
19:12:13,26.2,6.93,0,1.65,17.3,44
19:12:14,0.1,6.92,0,1.65,16.0,44
19:12:15,0.1,6.89,0,1.65,15.9,44
19:12:16,0.0,6.89,0,1.65,15.7,44
19:12:17,0.1,6.89,0,1.65,15.6,44
19:12:18,26.8,6.86,0,1.65,16.5,44
19:12:19,47.1,6.84,0,1.65,16.8,44
19:12:20,0.1,6.84,0,1.65,16.8,44
19:12:21,0.0,6.82,0,1.65,15.5,44
19:12:22,0.1,6.81,0,1.65,15.4,44
19:12:23,0.1,6.80,0,1.65,15.3,44
19:12:24,0.1,6.80,0,1.65,15.3,44
19:12:25,0.1,6.78,0,1.65,15.4,44
19:12:26,22.6,6.87,0,1.65,16.2,44
19:12:27,50.1,6.83,0,1.65,17.1,44
19:12:28,8.0,6.78,0,1.65,17.1,44
19:12:29,0.0,6.78,0,1.65,15.8,44
19:12:30,0.1,6.77,0,1.65,15.5,44
19:12:31,0.1,6.77,0,1.65,15.6,44
19:12:32,0.0,6.77,0,1.65,15.5,44
19:12:33,0.1,6.76,0,1.65,15.5,44
19:12:34,0.2,6.76,0,1.65,15.9,44
19:12:35,11.0,6.89,0,1.65,16.2,44
19:12:36,50.0,6.93,0,1.65,16.4,44
19:12:37,23.8,6.88,0,1.65,15.9,44
19:12:38,0.0,6.87,0,1.65,15.3,44
19:12:39,0.1,6.87,0,1.65,15.2,44
19:12:40,0.2,6.85,0,1.65,15.2,44
19:12:41,0.1,6.85,0,1.65,16.2,44
19:12:42,0.1,6.84,0,1.65,16.4,44
19:12:43,0.1,6.83,0,1.65,15.8,44
19:12:44,0.2,6.82,0,1.65,15.6,44
19:12:45,0.0,6.82,0,1.65,15.6,44
19:12:46,0.1,6.82,0,1.65,15.5,44
19:12:47,16.1,6.86,0,1.65,16.1,44
19:12:48,50.1,6.83,0,1.65,17.1,44
19:12:49,29.9,6.84,0,1.65,17.2,44
19:12:50,0.1,6.84,0,1.65,15.8,44
19:12:51,0.0,6.83,0,1.65,15.7,44
19:12:52,0.1,6.82,0,1.65,15.7,44
19:12:53,0.1,6.82,0,1.65,15.7,44
19:12:54,0.2,6.82,0,1.65,15.7,44
19:12:55,0.0,6.82,0,1.65,15.8,44
19:12:56,0.1,6.81,0,1.65,16.4,44
19:12:57,31.4,6.87,0,1.65,16.4,44
19:12:58,49.8,6.85,0,1.65,16.5,44
19:12:59,0.2,6.84,0,1.65,15.9,44
19:13:00,0.0,6.84,0,1.65,16.2,44
19:13:01,0.1,6.83,0,1.65,16.7,44
19:13:02,0.0,6.81,0,1.65,15.5,44
19:13:03,0.1,6.81,0,1.65,16.2,44
19:13:04,0.1,6.80,0,1.65,15.6,44
19:13:05,0.2,6.80,0,1.65,15.6,44
19:13:06,20.9,6.86,0,1.65,16.3,44
19:13:07,50.0,6.82,0,1.65,16.6,44
19:13:08,3.0,6.85,0,1.65,16.0,44
19:13:09,0.1,6.85,0,1.65,15.7,44
19:13:10,0.1,6.84,0,1.65,16.3,44
19:13:11,0.1,6.83,0,1.65,16.3,44
19:13:12,0.1,6.83,0,1.65,15.7,44
19:13:13,0.2,6.82,0,1.65,15.4,44
19:13:14,0.3,6.82,0,1.65,15.3,44
19:13:15,0.1,6.81,0,1.65,15.3,44
19:13:16,0.0,6.81,0,1.65,15.4,44
19:13:17,22.9,6.84,0,1.65,16.2,44
19:13:18,50.1,6.85,0,1.65,17.4,44
19:13:19,8.3,6.83,0,1.65,15.9,44
19:13:20,0.1,6.82,0,1.65,15.7,44
19:13:21,0.1,6.81,0,1.65,15.7,44
19:13:22,0.1,6.81,0,1.65,15.2,44
19:13:23,0.1,6.81,0,1.65,15.2,44
19:13:24,0.1,6.80,0,1.65,15.6,44
19:13:25,0.2,6.80,0,1.65,15.9,44
19:13:26,0.1,6.79,0,1.65,15.6,44
19:13:27,0.0,6.79,0,1.65,15.4,44
19:13:28,18.1,6.82,0,1.65,16.0,44
19:13:29,50.0,6.78,0,1.65,17.1,44
19:13:30,16.5,6.77,0,1.65,16.2,44
19:13:31,0.0,6.77,0,1.65,16.0,44
19:13:32,0.0,6.77,0,1.65,16.8,44
19:13:33,0.2,6.77,0,1.65,15.7,44
19:13:34,0.1,6.77,0,1.65,15.5,44
19:13:35,0.1,6.77,0,1.65,15.3,44
19:13:36,7.1,6.81,1,1.65,15.8,44
19:13:37,50.1,6.83,0,1.65,17.0,44
19:13:38,39.0,6.81,0,1.65,16.4,44
19:13:39,0.1,6.81,0,1.65,16.5,44
19:13:40,0.1,6.81,0,1.65,15.6,44
19:13:41,0.0,6.81,0,1.65,15.3,44
19:13:42,0.2,6.80,0,1.65,15.4,44
19:13:43,0.0,6.80,0,1.65,15.3,44
19:13:44,0.1,6.80,0,1.65,15.4,44
19:13:45,0.1,6.80,0,1.65,15.2,44
19:13:46,0.2,6.80,0,1.65,16.2,44
19:13:47,0.1,6.80,0,1.65,15.3,44
19:13:48,0.0,6.80,0,1.65,15.2,44
19:13:49,37.7,6.80,0,1.65,16.9,44
19:13:50,43.6,6.81,0,1.65,17.0,44
19:13:51,0.1,6.81,0,1.65,15.7,44
19:13:52,0.1,6.82,0,1.65,15.5,44
19:13:53,0.0,6.82,0,1.65,16.0,44
19:13:54,0.1,6.82,0,1.65,16.0,44
19:13:55,0.0,6.82,0,1.65,15.4,44
19:13:56,0.2,6.81,0,1.65,15.4,44
19:13:57,0.1,6.80,0,1.65,15.5,44
19:13:58,0.1,6.80,0,1.65,15.4,44
19:13:59,0.0,6.80,0,1.65,15.3,44
19:14:00,44.3,6.86,0,1.65,16.2,44
19:14:01,29.0,6.85,0,1.65,17.0,44
19:14:02,0.2,6.85,0,1.65,15.4,44
19:14:03,0.1,6.83,0,1.65,15.4,44
19:14:04,0.1,6.83,0,1.65,15.6,44
19:14:05,0.5,6.82,0,1.65,15.5,44
19:14:06,0.2,6.81,0,1.65,15.7,44
19:14:07,0.1,6.81,0,1.65,16.1,44
19:14:08,0.2,6.81,0,1.65,16.2,44
19:14:09,21.7,6.84,0,1.65,16.2,44
19:14:10,50.2,6.84,0,1.65,16.9,44
19:14:11,7.6,6.83,0,1.65,16.0,44
19:14:12,0.1,6.82,0,1.65,15.6,44
19:14:13,0.1,6.82,0,1.65,15.8,44
19:14:14,0.1,6.81,0,1.65,15.9,45
19:14:15,0.1,6.81,0,1.65,16.2,45
19:14:16,0.0,6.80,0,1.65,15.7,44
19:14:17,0.2,6.80,0,1.65,15.7,44
19:14:18,27.6,6.83,0,1.65,16.2,45
19:14:19,50.1,6.87,0,1.65,16.6,45
19:14:20,7.3,6.82,0,1.65,16.1,45
19:14:21,0.1,6.82,0,1.65,16.0,45
19:14:22,0.0,6.81,0,1.65,16.8,45
19:14:23,0.1,6.81,0,1.65,16.0,44
19:14:24,0.1,6.80,0,1.65,15.8,44
19:14:25,0.1,6.80,0,1.65,15.5,45
19:14:26,0.0,6.80,0,1.65,15.5,44
19:14:27,31.3,6.85,0,1.65,16.3,45
19:14:28,50.1,6.80,0,1.65,16.9,45
19:14:29,15.3,6.82,0,1.65,16.8,45
19:14:30,0.1,6.82,0,1.65,15.7,45
19:14:31,0.1,6.82,0,1.65,15.5,45
19:14:32,0.2,6.81,0,1.65,15.5,45
19:14:33,0.1,6.81,0,1.65,15.5,45
19:14:34,0.0,6.82,0,1.65,15.7,45
19:14:35,9.9,6.83,0,1.65,16.0,45
19:14:36,50.2,6.81,0,1.65,17.5,45
19:14:37,21.6,6.84,0,1.65,17.6,45
19:14:38,0.0,6.84,0,1.65,16.3,45
19:14:39,0.1,6.84,0,1.65,15.9,45
19:14:40,0.2,6.84,0,1.65,15.7,45
19:14:41,0.1,6.84,0,1.65,15.8,44
19:14:42,0.1,6.84,0,1.65,15.6,45
19:14:43,0.2,6.84,0,1.65,15.9,45
19:14:44,35.4,6.78,0,1.65,17.2,45
19:14:45,39.4,6.78,0,1.65,17.3,45
19:14:46,0.1,6.78,0,1.65,16.0,45
19:14:47,0.0,6.77,0,1.65,15.7,45
19:14:48,0.1,6.77,0,1.65,15.5,45
19:14:49,0.2,6.77,0,1.65,15.5,45
19:14:50,0.1,6.77,0,1.65,15.8,45
19:14:51,0.1,6.76,0,1.65,16.6,45
19:14:52,0.0,6.76,0,1.65,15.8,45
19:14:53,0.1,6.76,0,1.65,15.7,45
19:14:54,31.9,6.80,0,1.65,16.8,45
19:14:55,48.8,6.77,0,1.65,17.8,45
19:14:56,0.0,6.77,0,1.65,16.4,45
19:14:57,0.1,6.77,0,1.65,16.2,45
19:14:58,0.0,6.77,0,1.65,17.2,45
19:14:59,0.3,6.77,0,1.65,16.1,45
19:15:00,0.0,6.77,0,1.65,16.3,45
19:15:01,0.1,6.77,0,1.65,16.5,45
19:15:02,0.1,6.77,0,1.65,15.8,45
19:15:03,0.1,6.77,0,1.65,15.9,45
19:15:04,30.7,6.87,0,1.65,16.6,45
19:15:05,50.1,6.84,0,1.65,17.5,45
19:15:06,3.7,6.80,0,1.65,15.9,45
19:15:07,0.0,6.80,0,1.65,15.7,45
19:15:08,0.1,6.80,0,1.65,15.5,45
19:15:09,0.2,6.79,0,1.65,15.6,45
19:15:10,0.0,6.78,0,1.65,15.7,45
19:15:11,0.1,6.75,0,1.65,15.6,45
19:15:12,0.0,6.74,0,1.65,16.5,45
19:15:13,24.6,6.80,0,1.65,16.3,45
19:15:14,50.1,6.82,0,1.65,16.7,45
19:15:15,21.8,6.81,0,1.65,16.4,45
19:15:16,0.1,6.81,0,1.65,15.9,45
19:15:17,0.1,6.79,0,1.65,15.6,45
19:15:18,0.1,6.77,0,1.65,15.5,45
19:15:19,0.2,6.77,0,1.65,16.2,45
19:15:20,0.2,6.76,0,1.65,16.2,45
19:15:21,0.0,6.76,0,1.65,15.5,45
19:15:22,0.1,6.76,0,1.65,15.4,45
19:15:23,8.8,6.79,2,1.65,15.7,45
19:15:24,50.1,6.82,0,1.65,16.7,45
19:15:25,21.1,6.79,0,1.65,16.0,45
19:15:26,0.1,6.79,0,1.65,16.1,45
19:15:27,0.1,6.78,0,1.65,16.3,45
19:15:28,0.2,6.77,0,1.65,15.8,45
19:15:29,0.1,6.76,0,1.65,15.5,45
19:15:30,0.2,6.75,0,1.65,15.6,45
19:15:31,0.0,6.75,0,1.65,15.5,45
19:15:32,0.1,6.74,0,1.65,15.5,45
19:15:33,8.0,6.77,3,1.65,16.1,45
19:15:34,50.1,6.77,0,1.65,17.6,45
19:15:35,16.1,6.77,0,1.65,16.2,45
19:15:36,0.0,6.76,0,1.65,15.7,45
19:15:37,0.1,6.76,0,1.65,15.7,45
19:15:38,0.2,6.76,0,1.65,16.0,45
19:15:39,0.1,6.76,0,1.65,15.7,45
19:15:40,20.3,6.78,0,1.65,16.4,45
19:15:41,50.1,6.83,0,1.65,17.8,45
19:15:42,9.9,6.79,0,1.65,16.4,45
19:15:43,0.1,6.79,0,1.65,15.8,45
19:15:44,0.1,6.79,0,1.65,15.7,45
19:15:45,0.1,6.78,0,1.65,15.4,45
19:15:46,0.2,6.78,0,1.65,15.4,45
19:15:47,17.4,6.82,0,1.65,16.0,45
19:15:48,50.1,6.81,0,1.65,17.1,45
19:15:49,16.7,6.79,0,1.65,16.3,45
19:15:50,0.1,6.79,0,1.65,15.7,45
19:15:51,0.1,6.79,0,1.65,15.7,45
19:15:52,0.1,6.78,0,1.65,15.6,45
19:15:53,0.1,6.78,0,1.65,15.5,45
19:15:54,33.5,6.81,0,1.65,16.4,45
19:15:55,50.1,6.83,0,1.65,17.1,45
19:15:56,12.7,6.79,0,1.65,16.2,45
19:15:57,0.1,6.78,0,1.65,15.9,45
19:15:58,0.2,6.78,0,1.65,15.9,45
19:15:59,0.0,6.77,0,1.65,15.8,45
19:16:00,0.3,6.77,0,1.65,16.1,45
19:16:01,0.0,6.76,0,1.65,16.2,45
19:16:02,17.4,6.74,0,1.65,16.3,45
19:16:03,50.2,6.77,0,1.65,17.5,45
19:16:04,13.6,6.77,0,1.65,16.4,45
19:16:05,0.1,6.77,0,1.65,16.2,45
19:16:06,0.1,6.76,0,1.65,15.9,45
19:16:07,0.0,6.76,0,1.65,15.9,45
19:16:08,0.1,6.76,0,1.65,15.9,45
19:16:09,0.1,6.76,0,1.65,16.3,45
19:16:10,0.4,6.75,0,1.65,16.6,45
19:16:11,0.0,6.75,0,1.65,16.2,45
19:16:12,0.0,6.75,0,1.65,15.9,45
19:16:13,0.0,6.75,0,1.65,15.9,45
19:16:14,0.1,6.75,0,1.65,15.8,45
19:16:15,0.1,6.75,0,1.65,15.7,45
19:16:16,0.1,6.75,0,1.65,16.0,45
19:16:17,0.1,6.75,0,1.65,16.8,45
19:16:18,0.1,6.75,0,1.65,15.9,45
19:16:19,0.1,6.75,0,1.65,15.8,45
19:16:20,0.0,6.74,0,1.65,13.9,44
19:16:21,0.2,6.73,0,1.65,10.9,44
19:16:22,0.1,6.73,0,1.65,6.9,44
19:16:23,0.0,6.73,0,1.65,1.6,44
19:16:24,0.2,6.72,0,1.65,1.2,44
19:16:25,0.1,6.72,0,1.65,0.6,44
19:16:26,0.1,6.72,0,1.65,0.6,44
19:16:27,0.2,6.72,0,1.65,0.6,44
19:16:28,0.0,6.71,0,1.65,0.6,44
19:16:29,0.0,6.71,0,1.65,0.6,43
19:16:30,0.1,6.71,0,1.65,0.6,43
19:16:31,0.0,6.71,0,1.65,0.8,43
19:16:32,0.0,6.71,0,1.65,0.6,43
19:16:33,0.2,6.71,0,1.65,0.6,43
19:16:34,0.2,6.71,0,1.65,0.6,43
19:16:35,0.0,6.71,0,1.65,0.6,43
19:16:36,0.1,6.70,0,1.65,0.6,43
19:16:37,0.1,6.70,0,1.65,0.6,43
19:16:38,0.1,6.70,0,1.65,0.8,43
19:16:39,0.1,6.70,0,1.65,0.6,43
19:16:40,0.1,6.70,0,1.65,0.6,43
19:16:41,36.2,6.72,0,1.65,9.3,44
19:16:42,38.1,6.70,0,1.65,11.5,44
19:16:43,0.1,6.69,0,1.65,16.2,44
19:16:44,0.0,6.69,0,1.65,15.7,44
19:16:45,0.1,6.69,0,1.65,16.5,44
19:16:46,0.1,6.69,0,1.65,16.5,44
19:16:47,0.1,6.69,0,1.65,15.9,44
19:16:48,0.1,6.69,0,1.65,15.7,44
19:16:49,0.1,6.69,0,1.65,16.0,44
19:16:50,0.2,6.69,0,1.65,15.9,44
19:16:51,0.0,6.68,0,1.65,15.7,44
19:16:52,0.1,6.69,0,1.65,16.0,44
19:16:53,0.1,6.69,0,1.65,16.6,44
19:16:54,0.2,6.69,0,1.65,15.8,44
19:16:55,0.1,6.69,0,1.65,15.7,44
19:16:56,0.2,6.69,0,1.65,15.7,44
19:16:57,0.0,6.69,0,1.65,15.7,44
19:16:58,0.1,6.69,0,1.65,15.8,44
19:16:59,4.4,6.74,0,1.65,11.6,44
19:17:00,49.2,6.77,0,1.65,16.2,44
19:17:01,26.5,6.72,0,1.65,17.4,44
19:17:02,0.1,6.72,0,1.65,15.7,44
19:17:03,0.1,6.72,0,1.65,15.6,44
19:17:04,0.1,6.72,0,1.65,15.5,44
19:17:05,0.2,6.72,0,1.65,15.4,44
19:17:06,0.2,6.72,0,1.65,15.8,45
19:17:07,0.0,6.72,0,1.65,16.9,45
19:17:08,0.1,6.72,0,1.65,15.9,44
19:17:09,0.1,6.71,0,1.65,15.5,44
19:17:10,0.1,6.72,0,1.65,15.5,45
19:17:11,0.2,6.72,0,1.65,15.7,45
19:17:12,0.1,6.72,0,1.65,15.7,45
19:17:13,0.1,6.72,0,1.65,15.8,45
19:17:14,0.1,6.72,0,1.65,16.5,45
19:17:15,0.2,6.72,0,1.65,15.7,45
19:17:16,0.1,6.72,0,1.65,15.4,44
19:17:17,0.0,6.71,0,1.65,12.6,44
19:17:18,0.1,6.71,0,1.65,9.5,44
19:17:19,35.0,6.74,0,1.65,9.7,44
19:17:20,49.9,6.72,0,1.65,16.9,44
19:17:21,0.1,6.72,0,1.65,16.8,45
19:17:22,0.1,6.72,0,1.65,15.7,45
19:17:23,0.0,6.72,0,1.65,16.0,45
19:17:24,0.0,6.72,0,1.65,15.9,45
19:17:25,0.1,6.71,0,1.65,15.9,45
19:17:26,0.1,6.71,0,1.65,15.6,45
19:17:27,0.1,6.71,0,1.65,15.7,45
19:17:28,0.2,6.71,0,1.65,17.1,45
19:17:29,0.0,6.71,0,1.65,17.0,45
19:17:30,0.0,6.71,0,1.65,16.1,45
19:17:31,0.1,6.70,0,1.65,15.8,45
19:17:32,0.1,6.70,0,1.65,16.0,45
19:17:33,0.2,6.70,0,1.65,15.9,45
19:17:34,0.1,6.70,0,1.65,16.0,45
19:17:35,0.1,6.70,0,1.65,16.1,45
19:17:36,0.1,6.70,0,1.65,16.7,45
19:17:37,0.0,6.70,0,1.65,12.6,44
19:17:38,0.0,6.70,0,1.65,9.6,44
19:17:39,0.2,6.70,0,1.65,7.4,44
19:17:40,0.1,6.70,0,1.65,1.5,44
19:17:41,0.1,6.70,0,1.65,1.5,44
19:17:42,0.2,6.70,0,1.65,1.3,44
19:17:43,0.1,6.70,0,1.65,1.2,44
19:17:44,0.1,6.70,0,1.65,0.7,43
19:17:45,0.1,6.70,0,1.65,0.6,43
19:17:46,34.8,6.80,0,1.65,5.8,44
19:17:47,50.1,6.73,0,1.65,15.9,44
19:17:48,11.6,6.73,0,1.65,16.7,44
19:17:49,0.1,6.73,0,1.65,16.2,45
19:17:50,0.1,6.73,0,1.65,17.0,45
19:17:51,0.0,6.73,0,1.65,16.0,45
19:17:52,0.1,6.72,0,1.65,15.8,45
19:17:53,0.1,6.72,0,1.65,15.7,45
19:17:54,0.1,6.72,0,1.65,15.9,45
19:17:55,0.1,6.72,0,1.65,15.8,45
19:17:56,0.2,6.72,0,1.65,15.9,45
19:17:57,0.2,6.72,0,1.65,16.6,45
19:17:58,34.8,6.74,0,1.65,16.5,45
19:17:59,45.3,6.72,0,1.65,16.8,45
19:18:00,0.1,6.72,0,1.65,16.9,45
19:18:01,0.2,6.72,0,1.65,17.0,45
19:18:02,0.1,6.72,0,1.65,15.8,45
19:18:03,0.2,6.71,0,1.65,15.9,45
19:18:04,0.0,6.71,0,1.65,16.8,45
19:18:05,0.1,6.71,0,1.65,16.3,45
19:18:06,0.2,6.71,0,1.65,16.1,45
19:18:07,0.0,6.71,0,1.65,15.9,45
19:18:08,0.1,6.71,0,1.65,15.9,45
19:18:09,0.0,6.71,0,1.65,15.9,45
19:18:10,0.1,6.71,0,1.65,15.9,45
19:18:11,0.0,6.71,0,1.65,16.8,45
19:18:12,0.1,6.71,0,1.65,16.9,45
19:18:13,0.0,6.71,0,1.65,15.8,45
19:18:14,0.1,6.71,0,1.65,15.8,45
19:18:15,0.1,6.71,0,1.65,15.7,45
19:18:16,0.1,6.71,0,1.65,14.0,44
19:18:17,0.1,6.71,0,1.65,11.9,44
19:18:18,0.1,6.71,0,1.65,6.7,44
19:18:19,29.2,6.70,0,1.65,6.6,44
19:18:20,44.5,6.72,0,1.65,12.9,45
19:18:21,0.1,6.72,0,1.65,16.2,45
19:18:22,0.0,6.72,0,1.65,16.0,45
19:18:23,0.2,6.72,0,1.65,15.4,45
19:18:24,0.1,6.72,0,1.65,15.7,45
19:18:25,0.0,6.72,0,1.65,16.0,45
19:18:26,0.0,6.72,0,1.65,16.2,45
19:18:27,0.1,6.72,0,1.65,15.9,45
19:18:28,0.0,6.72,0,1.65,15.7,45
19:18:29,0.2,6.71,0,1.65,15.6,45
19:18:30,0.0,6.71,0,1.65,15.5,45
19:18:31,0.1,6.71,0,1.65,15.5,45
19:18:32,0.1,6.71,0,1.65,16.0,45
19:18:33,5.8,6.70,0,1.65,16.8,45
19:18:34,50.0,6.71,0,1.65,17.2,45
19:18:35,24.1,6.71,0,1.65,17.2,45
19:18:36,0.1,6.71,0,1.65,16.4,45
19:18:37,0.1,6.71,0,1.65,15.9,45
19:18:38,0.1,6.71,0,1.65,15.8,45
19:18:39,0.0,6.71,0,1.65,16.0,45
19:18:40,0.2,6.71,0,1.65,16.4,45
19:18:41,0.2,6.71,0,1.65,16.0,45
19:18:42,0.1,6.71,0,1.65,15.8,45
19:18:43,0.1,6.71,0,1.65,15.6,45
19:18:44,0.1,6.71,0,1.65,15.5,45
19:18:45,36.4,6.76,0,1.65,16.5,45
19:18:46,48.7,6.75,0,1.65,16.8,45
19:18:47,0.0,6.75,0,1.65,16.8,45
19:18:48,0.1,6.74,0,1.65,16.0,45
19:18:49,0.0,6.74,0,1.65,15.7,45
19:18:50,0.1,6.74,0,1.65,15.7,45
19:18:51,0.0,6.74,0,1.65,15.6,45
19:18:52,0.2,6.74,0,1.65,15.5,45
19:18:53,0.1,6.73,0,1.65,15.6,45
19:18:54,0.0,6.73,0,1.65,16.9,45
19:18:55,0.1,6.73,0,1.65,16.9,45
19:18:56,0.0,6.73,0,1.65,15.9,45
19:18:57,0.2,6.73,0,1.65,15.8,45
19:18:58,0.0,6.73,0,1.65,15.8,45
19:18:59,0.0,6.72,0,1.65,15.8,45
19:19:00,0.1,6.72,0,1.65,16.4,45
19:19:01,0.1,6.72,0,1.65,15.5,44
19:19:02,0.1,6.72,0,1.65,13.5,44
19:19:03,0.1,6.72,0,1.65,9.7,44
19:19:04,0.1,6.72,0,1.65,8.9,44
19:19:05,0.1,6.72,0,1.65,5.5,44
19:19:06,0.1,6.71,0,1.65,1.9,44
19:19:07,0.2,6.71,0,1.65,1.5,44
19:19:08,0.1,6.71,0,1.65,1.4,44
19:19:09,4.6,6.76,0,1.65,1.2,44
19:19:10,49.8,6.73,0,1.65,9.8,45
19:19:11,39.9,6.72,0,1.65,10.7,45
19:19:12,0.0,6.72,0,1.65,16.5,45
19:19:13,0.1,6.71,0,1.65,16.1,45
19:19:14,0.1,6.71,0,1.65,15.8,45
19:19:15,0.0,6.71,0,1.65,15.9,45
19:19:16,0.1,6.71,0,1.65,16.6,45
19:19:17,0.0,6.71,0,1.65,16.0,45
19:19:18,0.1,6.71,0,1.65,15.6,45
19:19:19,0.2,6.71,0,1.65,15.6,45
19:19:20,0.1,6.71,0,1.65,15.8,45
19:19:21,0.1,6.71,0,1.65,15.8,45
19:19:22,0.1,6.71,0,1.65,15.9,45
19:19:23,0.1,6.70,0,1.65,16.7,45
19:19:24,0.2,6.70,0,1.65,16.1,45
19:19:25,19.6,6.78,1,1.65,16.6,45
19:19:26,50.1,6.79,0,1.65,18.0,45
19:19:27,9.9,6.72,0,1.65,16.3,45
19:19:28,0.0,6.72,0,1.65,16.1,45
19:19:29,0.1,6.72,0,1.65,16.2,45
19:19:30,0.1,6.72,0,1.65,17.3,45
19:19:31,0.1,6.72,0,1.65,15.7,45
19:19:32,0.1,6.72,0,1.65,15.9,45
19:19:33,0.1,6.72,0,1.65,15.8,45
19:19:34,0.0,6.72,0,1.65,15.6,45
19:19:35,0.1,6.72,0,1.65,15.7,45
19:19:36,0.1,6.72,0,1.65,15.8,45
19:19:37,0.1,6.72,0,1.65,16.9,45
19:19:38,0.1,6.72,0,1.65,17.0,45
19:19:39,0.1,6.72,0,1.65,16.0,45
19:19:40,0.0,6.72,0,1.65,15.9,45
19:19:41,0.1,6.72,0,1.65,16.0,45
19:19:42,0.1,6.72,0,1.65,16.1,44
19:19:43,0.0,6.71,0,1.65,14.3,44
19:19:44,0.1,6.71,0,1.65,10.0,44
19:19:45,0.1,6.71,0,1.65,8.7,44
19:19:46,0.1,6.70,0,1.65,2.1,44
19:19:47,0.0,6.70,0,1.65,1.9,44
19:19:48,0.1,6.69,0,1.65,1.3,44
19:19:49,0.1,6.70,0,1.65,1.4,44
19:19:50,0.0,6.70,0,1.65,1.6,44
19:19:51,0.1,6.70,0,1.65,1.4,44
19:19:52,0.1,6.70,0,1.65,1.2,44
19:19:53,0.0,6.69,0,1.65,0.7,44
19:19:54,0.1,6.69,0,1.65,0.6,44
19:19:55,0.1,6.69,0,1.65,0.6,44
19:19:56,0.1,6.69,0,1.65,0.7,44
19:19:57,0.1,6.69,0,1.65,0.7,44
19:19:58,0.0,6.69,0,1.65,0.7,44
19:19:59,34.4,6.71,0,1.65,6.7,44
19:20:00,39.6,6.71,0,1.65,17.5,45
19:20:01,0.1,6.71,0,1.65,17.3,45
19:20:02,0.1,6.70,0,1.65,15.8,45
19:20:03,0.1,6.70,0,1.65,15.9,45
19:20:04,0.1,6.70,0,1.65,16.0,45
19:20:05,0.2,6.70,0,1.65,16.0,45
19:20:06,0.1,6.70,0,1.65,16.7,45
19:20:07,0.0,6.70,0,1.65,16.1,45
19:20:08,0.1,6.70,0,1.65,16.0,45
19:20:09,0.1,6.70,0,1.65,16.1,45
19:20:10,0.1,6.70,0,1.65,16.1,45
19:20:11,0.1,6.70,0,1.65,16.1,45
19:20:12,0.2,6.70,0,1.65,15.8,45
19:20:13,0.0,6.70,0,1.65,17.2,45
19:20:14,0.1,6.70,0,1.65,16.3,45
19:20:15,0.1,6.70,0,1.65,15.8,45
19:20:16,0.1,6.70,0,1.65,15.4,44
19:20:17,0.1,6.70,0,1.65,10.2,44
19:20:18,0.1,6.69,0,1.65,10.0,44
19:20:19,0.0,6.69,0,1.65,3.9,44
19:20:20,0.1,6.69,0,1.65,2.6,44
19:20:21,0.1,6.69,0,1.65,2.4,44
19:20:22,0.2,6.69,0,1.65,0.7,44
19:20:23,0.1,6.69,0,1.65,0.7,44
19:20:24,0.0,6.69,0,1.65,0.7,44
19:20:25,0.1,6.69,0,1.65,0.6,43
19:20:26,0.0,6.69,0,1.65,0.7,43
19:20:27,0.1,6.69,0,1.65,0.8,43
19:20:28,0.0,6.69,0,1.65,0.9,43
19:20:29,0.2,6.69,0,1.65,0.7,43
19:20:30,0.1,6.69,0,1.65,0.7,43
19:20:31,0.0,6.69,0,1.65,0.7,43
19:20:32,0.2,6.69,0,1.65,0.7,43
19:20:33,0.1,6.69,0,1.65,0.7,43
19:20:34,0.0,6.69,0,1.65,0.8,43
19:20:35,0.2,6.69,0,1.65,1.0,43
19:20:36,31.8,6.73,0,1.65,5.0,44
19:20:37,48.3,6.70,0,1.65,14.9,44
19:20:38,0.1,6.70,0,1.65,16.5,44
19:20:39,0.0,6.70,0,1.65,16.2,44
19:20:40,0.2,6.70,0,1.65,16.0,44
19:20:41,0.1,6.70,0,1.65,16.4,44
19:20:42,0.0,6.70,0,1.65,16.6,44
19:20:43,0.1,6.70,0,1.65,16.2,44
19:20:44,0.1,6.70,0,1.65,16.1,44
19:20:45,0.0,6.70,0,1.65,16.2,44
19:20:46,0.1,6.69,0,1.65,16.2,44
19:20:47,0.1,6.69,0,1.65,16.1,44
19:20:48,0.3,6.69,0,1.65,16.1,44
19:20:49,0.1,6.69,0,1.65,16.8,45
19:20:50,13.7,6.76,1,1.65,16.1,45
19:20:51,50.1,6.78,0,1.65,17.4,45
19:20:52,20.9,6.75,0,1.65,16.8,45
19:20:53,0.0,6.74,0,1.65,15.8,45
19:20:54,0.1,6.74,0,1.65,15.6,45
19:20:55,0.1,6.73,0,1.65,15.8,45
19:20:56,0.1,6.73,0,1.65,16.4,45
19:20:57,0.1,6.71,0,1.65,16.0,45
19:20:58,0.0,6.71,0,1.65,15.8,45
19:20:59,0.1,6.71,0,1.65,15.9,45
19:21:00,0.1,6.71,0,1.65,16.6,45
19:21:01,0.1,6.71,0,1.65,16.8,45
19:21:02,0.1,6.71,0,1.65,16.3,45
19:21:03,0.1,6.71,0,1.65,16.4,45
19:21:04,0.1,6.71,0,1.65,15.9,45
19:21:05,0.1,6.71,0,1.65,15.8,45
19:21:06,0.1,6.70,0,1.65,15.8,45
19:21:07,0.1,6.70,0,1.65,14.8,45
19:21:08,0.1,6.71,0,1.65,11.7,44
19:21:09,13.9,6.79,0,1.65,10.0,44
19:21:10,50.1,6.77,0,1.65,17.5,45
19:21:11,33.1,6.76,0,1.65,17.5,45
19:21:12,0.1,6.76,0,1.65,16.5,45
19:21:13,0.2,6.75,0,1.65,15.9,45
19:21:14,0.1,6.75,0,1.65,15.9,45
19:21:15,0.2,6.75,0,1.65,15.8,45
19:21:16,0.0,6.74,0,1.65,15.6,45
19:21:17,0.0,6.74,0,1.65,16.0,45
19:21:18,0.1,6.74,0,1.65,16.6,45
19:21:19,0.1,6.74,0,1.65,15.5,45
19:21:20,0.1,6.73,0,1.65,15.5,45
19:21:21,0.2,6.73,0,1.65,15.9,45
19:21:22,0.1,6.73,0,1.65,15.8,45
19:21:23,0.1,6.73,0,1.65,15.9,45
19:21:24,40.7,6.74,0,1.65,17.0,45
19:21:25,39.2,6.73,0,1.65,17.9,45
19:21:26,0.1,6.73,0,1.65,16.7,45
19:21:27,0.0,6.73,0,1.65,16.1,45
19:21:28,0.1,6.73,0,1.65,16.1,45
19:21:29,0.0,6.73,0,1.65,16.3,45
19:21:30,0.1,6.73,0,1.65,16.0,45
19:21:31,0.1,6.71,0,1.65,16.1,45
19:21:32,0.2,6.71,0,1.65,16.7,45
19:21:33,0.0,6.71,0,1.65,15.9,45
19:21:34,0.1,6.71,0,1.65,15.6,45
19:21:35,0.0,6.71,0,1.65,15.7,45
19:21:36,0.1,6.71,0,1.65,15.8,45
19:21:37,0.1,6.71,0,1.65,15.7,45
19:21:38,0.1,6.71,0,1.65,16.0,45
19:21:39,0.1,6.71,0,1.65,17.1,45
19:21:40,0.1,6.70,0,1.65,14.8,45
19:21:41,0.1,6.70,0,1.65,12.1,44
19:21:42,0.0,6.70,0,1.65,9.7,44
19:21:43,0.1,6.70,0,1.65,3.8,44
19:21:44,4.5,6.76,0,1.65,1.7,44
19:21:45,49.2,6.71,0,1.65,12.8,45
19:21:46,20.2,6.73,0,1.65,17.8,45
19:21:47,0.0,6.73,0,1.65,17.7,45
19:21:48,0.1,6.73,0,1.65,16.2,45
19:21:49,0.1,6.72,0,1.65,16.0,45
19:21:50,0.1,6.72,0,1.65,15.9,45
19:21:51,0.1,6.72,0,1.65,15.6,45
19:21:52,0.0,6.71,0,1.65,15.7,45
19:21:53,0.1,6.71,0,1.65,16.6,45
19:21:54,0.0,6.71,0,1.65,17.2,45
19:21:55,0.1,6.71,0,1.65,16.0,45
19:21:56,0.3,6.70,0,1.65,15.9,45
19:21:57,0.0,6.70,0,1.65,16.0,45
19:21:58,0.0,6.70,0,1.65,15.9,45
19:21:59,0.1,6.70,0,1.65,15.7,45
19:22:00,0.0,6.70,0,1.65,16.3,45
19:22:01,0.1,6.70,0,1.65,16.9,45
19:22:02,0.2,6.70,0,1.65,15.9,45
19:22:03,0.2,6.70,0,1.65,13.6,45
19:22:04,0.0,6.70,0,1.65,9.7,45
19:22:05,0.1,6.70,0,1.65,7.2,44
19:22:06,0.2,6.70,0,1.65,1.8,44
19:22:07,0.2,6.70,0,1.65,1.3,44
19:22:08,0.1,6.70,0,1.65,0.9,44
19:22:09,14.9,6.71,0,1.65,0.7,44
19:22:10,50.1,6.75,0,1.65,12.5,45
19:22:11,16.1,6.71,0,1.65,16.6,45
19:22:12,0.1,6.71,0,1.65,16.3,45
19:22:13,0.1,6.71,0,1.65,16.1,45
19:22:14,0.0,6.71,0,1.65,16.0,45
19:22:15,0.1,6.71,0,1.65,16.4,45
19:22:16,0.1,6.70,0,1.65,16.2,45
19:22:17,0.1,6.70,0,1.65,16.1,45
19:22:18,25.6,6.73,0,1.65,16.5,45
19:22:19,50.1,6.75,0,1.65,18.2,45
19:22:20,8.6,6.73,0,1.65,16.7,45
19:22:21,0.1,6.73,0,1.65,16.6,45
19:22:23,0.1,6.73,0,1.65,17.6,45
19:22:24,0.1,6.73,0,1.65,16.6,45
19:22:25,0.1,6.73,0,1.65,16.5,45
19:22:26,0.0,6.73,0,1.65,16.4,45
19:22:27,0.1,6.72,0,1.65,16.3,45
19:22:28,0.0,6.72,0,1.65,16.2,45
19:22:29,0.1,6.72,0,1.65,16.2,45
19:22:30,0.1,6.71,0,1.65,16.9,45
19:22:31,0.2,6.71,0,1.65,16.9,45
19:22:32,0.0,6.71,0,1.65,15.9,45
19:22:33,0.1,6.71,0,1.65,16.0,45
19:22:34,0.0,6.71,0,1.65,16.0,45
19:22:35,0.0,6.71,0,1.65,15.9,45
19:22:36,0.1,6.71,0,1.65,15.8,45
19:22:37,0.2,6.71,0,1.65,11.9,45
19:22:38,0.0,6.71,0,1.65,10.5,45
19:22:39,0.1,6.71,0,1.65,9.2,45
19:22:40,0.0,6.71,0,1.65,5.7,44
19:22:41,0.2,6.71,0,1.65,1.8,44
19:22:42,0.1,6.71,0,1.65,1.1,44
19:22:43,0.2,6.71,0,1.65,0.6,44
19:22:44,0.0,6.71,0,1.65,0.7,44
19:22:45,0.0,6.71,0,1.65,0.8,44
19:22:46,12.4,6.74,0,1.65,0.6,44
19:22:47,50.1,6.75,0,1.65,10.2,45
19:22:48,33.6,6.75,0,1.65,10.7,45
19:22:49,0.0,6.75,0,1.65,16.6,45
19:22:50,0.1,6.75,0,1.65,16.2,45
19:22:51,0.1,6.75,0,1.65,16.1,45
19:22:52,0.1,6.75,0,1.65,16.9,45
19:22:53,0.1,6.75,0,1.65,16.3,45
19:22:54,0.1,6.75,0,1.65,16.2,45
19:22:55,0.1,6.74,0,1.65,16.4,45
19:22:56,0.0,6.74,0,1.65,16.2,45
19:22:57,0.1,6.74,0,1.65,16.1,45
19:22:58,0.0,6.74,0,1.65,16.2,45
19:22:59,0.1,6.74,0,1.65,17.5,45
19:23:00,0.0,6.74,0,1.65,16.6,45
19:23:01,0.2,6.74,0,1.65,16.7,46
19:23:02,0.0,6.74,0,1.65,16.9,45
19:23:03,1.0,6.74,0,1.65,16.8,45
19:23:04,0.1,6.74,0,1.65,11.7,45
19:23:05,0.1,6.73,0,1.65,9.8,45
19:23:06,0.1,6.73,0,1.65,7.1,45
19:23:07,0.0,6.73,0,1.65,2.5,44
19:23:08,0.1,6.73,0,1.65,1.5,44
19:23:09,0.2,6.73,0,1.65,0.6,44
19:23:10,0.2,6.73,0,1.65,0.6,44
19:23:11,0.1,6.73,0,1.65,0.6,44
19:23:12,0.1,6.73,0,1.65,0.6,44
19:23:13,25.9,6.75,0,1.65,3.3,45
19:23:14,50.1,6.74,0,1.65,15.5,45
19:23:15,4.6,6.72,0,1.65,16.8,45
19:23:16,0.1,6.72,0,1.65,16.3,45
19:23:17,0.0,6.72,0,1.65,16.0,45
19:23:18,0.2,6.72,0,1.65,16.2,45
19:23:19,0.0,6.72,0,1.65,16.2,45
19:23:20,0.1,6.72,0,1.65,17.2,45
19:23:21,0.1,6.72,0,1.65,17.3,45
19:23:22,0.1,6.71,0,1.65,16.7,45
19:23:23,0.2,6.71,0,1.65,16.4,45
19:23:24,1.4,6.71,0,1.65,16.1,45
